Zeit t / s;Spannung U_B1' / V;Spannung U_A1' / V
0;2.61;0.505
0.164;2.615;0.505
0.2;2.615;0.505
0.299;2.635;0.505
0.4;2.615;0.505
0.499;2.61;0.505
0.6;2.605;0.505
0.7;2.605;0.505
0.798;2.6;0.505
0.899;2.575;0.505
1;2.565;0.505
1.1;2.56;0.505
1.2;2.64;0.505
1.3;2.585;0.505
1.399;2.59;0.505
1.498;2.595;0.505
1.6;2.64;0.505
1.7;2.615;0.505
1.799;2.635;0.505
1.898;2.675;0.505
2.001;2.665;0.505
2.099;2.66;0.505
2.199;2.645;0.505
2.3;2.63;0.505
2.399;2.62;0.505
2.499;2.6;0.505
2.6;2.59;0.505
2.7;2.585;0.505
2.799;2.57;0.505
2.899;2.585;0.505
3;2.585;0.505
3.098;2.595;0.505
3.2;2.595;0.505
3.298;2.625;0.51
3.398;2.65;0.505
3.499;2.64;0.51
3.599;2.61;0.505
3.699;2.615;0.51
3.798;2.625;0.505
3.899;2.59;0.505
4;2.615;0.51
4.098;2.635;0.51
4.198;2.675;0.505
4.3;2.735;0.51
4.4;2.685;0.51
4.499;2.745;0.505
4.599;2.675;0.51
4.7;2.715;0.51
4.799;2.76;0.51
4.899;2.79;0.505
4.999;2.845;0.505
5.099;2.88;0.505
5.199;2.855;0.51
5.299;2.845;0.51
5.399;2.845;0.505
5.498;2.85;0.505
5.6;2.835;0.505
5.7;2.83;0.51
5.8;2.755;0.51
5.898;2.7;0.505
6;2.725;0.505
6.099;2.725;0.51
6.199;2.66;0.505
6.3;2.625;0.51
6.4;2.605;0.51
6.5;2.56;0.505
6.6;2.555;0.505
6.699;2.56;0.51
6.799;2.59;0.51
6.898;2.57;0.51
6.999;2.56;0.51
7.1;2.565;0.51
7.201;2.56;0.505
7.299;2.555;0.51
7.399;2.565;0.505
7.5;2.585;0.51
7.599;2.645;0.51
7.699;2.625;0.51
7.8;2.595;0.51
7.9;2.605;0.51
7.998;2.665;0.505
8.1;2.76;0.51
8.2;2.79;0.51
8.299;2.83;0.505
8.401;2.885;0.505
8.5;2.965;0.51
8.6;2.96;0.51
8.699;2.845;0.505
8.799;2.705;0.51
8.899;2.63;0.505
9;2.605;0.505
9.1;2.605;0.51
9.199;2.66;0.51
9.3;2.71;0.505
9.4;2.665;0.505
9.499;2.6;0.51
9.599;2.565;0.51
9.699;2.545;0.505
9.799;2.55;0.505
9.899;2.555;0.51
10;2.575;0.51
10.1;2.57;0.51
10.442;2.57;0.505
10.448;2.57;0.505
10.455;2.57;0.505
10.498;2.565;0.51
10.599;2.58;0.51
10.699;2.58;0.51
10.799;2.57;0.51
10.899;2.585;0.51
10.999;2.58;0.505
11.1;2.575;0.51
11.199;2.595;0.51
11.299;2.59;0.505
11.4;2.555;0.505
11.499;2.575;0.51
11.598;2.605;0.505
11.699;2.675;0.51
11.799;2.66;0.51
11.899;2.625;0.505
12;2.675;0.505
12.099;2.63;0.51
12.2;2.625;0.51
12.301;2.695;0.51
12.4;2.69;0.505
12.5;2.685;0.505
12.6;2.65;0.51
12.699;2.63;0.51
12.8;2.745;0.505
12.899;2.7;0.505
12.999;2.655;0.51
13.098;2.62;0.505
13.199;2.62;0.51
13.299;2.65;0.51
13.399;2.615;0.505
13.5;2.6;0.505
13.6;2.59;0.51
13.7;2.58;0.51
13.8;2.6;0.505
13.899;2.58;0.51
14;2.585;0.51
14.099;2.585;0.51
14.199;2.57;0.51
14.3;2.605;0.51
14.399;2.595;0.51
14.499;2.575;0.51
14.599;2.565;0.51
14.699;2.56;0.51
14.8;2.585;0.51
14.899;2.605;0.51
14.998;2.635;0.51
15.099;2.625;0.51
15.199;2.585;0.51
15.3;2.585;0.51
15.398;2.625;0.51
15.5;2.6;0.51
15.6;2.61;0.51
15.698;2.555;0.51
15.798;2.565;0.505
15.9;2.56;0.51
15.999;2.555;0.51
16.099;2.56;0.51
16.2;2.56;0.51
16.299;2.555;0.51
16.398;2.56;0.51
16.498;2.555;0.51
16.599;2.56;0.505
16.7;2.555;0.51
16.799;2.55;0.51
16.9;2.555;0.505
17;2.56;0.51
17.099;2.57;0.51
17.199;2.565;0.51
17.301;2.58;0.51
17.399;2.585;0.51
17.5;2.585;0.51
17.598;2.575;0.505
17.698;2.565;0.51
17.799;2.56;0.505
17.9;2.555;0.51
18;2.56;0.51
18.099;2.555;0.505
18.199;2.555;0.51
18.299;2.545;0.505
18.399;2.555;0.51
18.5;2.565;0.505
18.6;2.555;0.505
18.7;2.555;0.51
18.799;2.565;0.505
18.9;2.56;0.51
19;2.57;0.51
19.1;2.57;0.505
19.199;2.565;0.51
19.3;2.57;0.505
19.4;2.58;0.505
19.499;2.595;0.51
19.599;2.61;0.51
19.7;2.605;0.505
19.798;2.605;0.51
19.899;2.605;0.51
20;2.6;0.51
20.1;2.61;0.51
20.199;2.6;0.505
20.299;2.585;0.505
20.4;2.58;0.51
20.499;2.58;0.51
20.599;2.58;0.505
20.7;2.585;0.505
20.799;2.575;0.51
20.9;2.56;0.51
20.999;2.57;0.51
21.1;2.58;0.505
21.2;2.6;0.51
21.299;2.6;0.51
21.399;2.59;0.51
21.499;2.59;0.51
21.6;2.595;0.505
21.699;2.595;0.51
21.799;2.585;0.51
21.9;2.6;0.51
21.999;2.605;0.51
22.1;2.61;0.51
22.2;2.615;0.51
22.3;2.615;0.51
22.398;2.615;0.505
22.499;2.62;0.51
22.599;2.62;0.505
22.698;2.62;0.505
22.799;2.61;0.51
22.899;2.585;0.505
22.999;2.595;0.505
23.1;2.595;0.51
23.198;2.6;0.51
23.3;2.59;0.505
23.399;2.595;0.51
23.5;2.595;0.505
23.599;2.615;0.51
23.7;2.605;0.51
23.799;2.62;0.51
23.899;2.625;0.505
23.999;2.63;0.505
24.1;2.62;0.505
24.199;2.62;0.51
24.299;2.62;0.505
24.399;2.63;0.51
24.5;2.635;0.505
24.599;2.64;0.51
24.7;2.655;0.51
24.8;2.645;0.51
24.899;2.635;0.51
24.998;2.62;0.51
25.099;2.61;0.51
25.2;2.625;0.51
25.3;2.61;0.51
25.399;2.62;0.51
25.5;2.63;0.51
25.599;2.625;0.51
25.699;2.62;0.51
25.799;2.625;0.51
25.899;2.625;0.51
25.999;2.62;0.51
26.1;2.625;0.51
26.199;2.62;0.51
26.3;2.615;0.51
26.399;2.605;0.51
26.5;2.605;0.51
26.598;2.61;0.51
26.7;2.6;0.51
26.8;2.61;0.51
26.9;2.62;0.51
26.999;2.615;0.51
27.099;2.63;0.51
27.199;2.63;0.51
27.299;2.62;0.51
27.4;2.62;0.51
27.498;2.6;0.51
27.6;2.6;0.51
27.699;2.6;0.51
27.8;2.615;0.51
27.9;2.61;0.51
28;2.605;0.51
28.099;2.61;0.51
28.199;2.6;0.51
28.299;2.615;0.51
28.399;2.625;0.51
28.5;2.615;0.51
28.6;2.615;0.51
28.699;2.615;0.51
28.799;2.625;0.51
28.899;2.62;0.51
28.999;2.625;0.51
29.099;2.62;0.51
29.199;2.625;0.51
29.3;2.62;0.51
29.4;2.625;0.51
29.5;2.625;0.51
29.598;2.61;0.51
29.7;2.61;0.51
29.798;2.62;0.51
29.899;2.63;0.515
30;2.62;0.515
30.099;2.635;0.51
30.199;2.635;0.51
30.299;2.65;0.515
30.4;2.645;0.515
30.499;2.655;0.515
30.599;2.66;0.515
30.699;2.655;0.515
30.799;2.655;0.515
30.899;2.66;0.515
30.998;2.665;0.51
31.1;2.675;0.51
31.199;2.67;0.51
31.299;2.68;0.515
31.4;2.69;0.515
31.5;2.69;0.515
31.599;2.685;0.51
31.699;2.685;0.515
31.798;2.675;0.51
31.9;2.685;0.515
32;2.68;0.515
32.099;2.67;0.51
32.199;2.68;0.515
32.299;2.675;0.515
32.399;2.68;0.515
32.499;2.68;0.51
32.599;2.685;0.515
32.699;2.685;0.515
32.799;2.69;0.515
32.899;2.66;0.515
32.999;2.67;0.515
33.099;2.68;0.515
33.199;2.685;0.515
33.3;2.685;0.515
33.399;2.665;0.515
33.499;2.67;0.515
33.6;2.685;0.515
33.7;2.695;0.515
33.8;2.7;0.515
33.899;2.7;0.515
33.999;2.69;0.515
34.099;2.71;0.515
34.199;2.715;0.515
34.3;2.715;0.515
34.398;2.715;0.515
34.499;2.72;0.515
34.599;2.725;0.515
34.699;2.735;0.515
34.8;2.735;0.515
34.899;2.75;0.515
34.998;2.755;0.515
35.098;2.76;0.515
35.2;2.755;0.515
35.3;2.77;0.515
35.399;2.77;0.52
35.498;2.755;0.52
35.6;2.75;0.52
35.699;2.745;0.515
35.799;2.73;0.52
35.899;2.735;0.52
35.999;2.705;0.52
36.099;2.72;0.515
36.2;2.715;0.52
36.299;2.77;0.52
36.4;2.785;0.515
36.498;2.805;0.515
36.6;2.855;0.515
36.699;2.88;0.515
36.799;2.875;0.52
36.9;2.885;0.515
37;2.91;0.52
37.099;2.885;0.52
37.199;2.87;0.52
37.3;2.855;0.515
37.399;2.83;0.52
37.499;2.885;0.52
37.599;2.865;0.52
37.699;2.85;0.515
37.8;2.845;0.515
37.9;2.865;0.52
38;2.855;0.52
38.099;2.855;0.52
38.199;2.87;0.52
38.299;2.905;0.52
38.4;2.91;0.52
38.499;2.92;0.52
38.599;2.875;0.52
38.7;2.89;0.52
38.799;2.915;0.52
38.899;2.9;0.52
38.999;2.9;0.52
39.099;2.87;0.52
39.2;2.875;0.52
39.3;2.895;0.52
39.399;2.905;0.52
39.5;2.905;0.52
39.598;2.905;0.52
39.699;2.875;0.52
39.799;2.87;0.52
39.9;2.89;0.525
39.999;2.93;0.525
40.1;2.935;0.525
40.199;2.91;0.52
40.3;2.92;0.525
40.4;2.905;0.52
40.5;2.91;0.52
40.6;2.91;0.52
40.699;2.915;0.52
40.8;2.92;0.52
40.9;2.935;0.525
40.999;2.925;0.525
41.098;2.95;0.525
41.2;2.965;0.525
41.299;2.94;0.525
41.399;2.98;0.525
41.5;2.975;0.525
41.6;2.98;0.525
41.699;2.98;0.525
41.799;2.98;0.525
41.898;2.995;0.525
41.999;3;0.525
42.1;2.99;0.525
42.199;2.995;0.53
42.3;2.985;0.53
42.4;2.985;0.53
42.498;2.99;0.525
42.599;3;0.53
42.699;3.01;0.53
42.8;3.005;0.525
42.899;2.995;0.53
43;2.995;0.525
43.098;2.995;0.525
43.2;2.99;0.525
43.3;2.995;0.53
43.399;3;0.525
43.5;3;0.53
43.598;3.005;0.53
43.699;3.005;0.53
43.799;3;0.53
43.9;2.99;0.525
43.998;2.99;0.53
44.098;2.985;0.53
44.199;3.005;0.53
44.299;2.99;0.525
44.399;2.98;0.53
44.5;3.005;0.53
44.6;3;0.53
44.699;3.005;0.53
44.799;3.015;0.53
44.899;3.005;0.525
45;3.02;0.53
45.099;3.025;0.535
45.199;3.03;0.53
45.299;3.02;0.53
45.4;3.035;0.535
45.498;3.025;0.535
45.6;3.025;0.535
45.698;3.02;0.53
45.8;3.03;0.535
45.899;3.025;0.535
46;3.03;0.535
46.099;3.02;0.535
46.2;3.005;0.535
46.299;2.985;0.535
46.399;2.965;0.535
46.5;2.96;0.53
46.598;2.96;0.535
46.699;2.925;0.54
46.799;2.92;0.54
46.9;2.895;0.535
46.999;2.875;0.535
47.099;2.85;0.54
47.199;2.82;0.54
47.3;2.775;0.54
47.4;2.755;0.535
47.499;2.745;0.54
47.599;2.735;0.54
47.699;2.71;0.54
47.799;2.695;0.54
47.899;2.67;0.535
47.999;2.665;0.54
48.1;2.665;0.54
48.198;2.65;0.535
48.3;2.615;0.535
48.4;2.59;0.535
48.5;2.595;0.54
48.599;2.58;0.535
48.699;2.575;0.54
48.801;2.56;0.54
48.899;2.56;0.54
48.998;2.555;0.545
49.099;2.55;0.54
49.199;2.555;0.545
49.299;2.555;0.54
49.398;2.555;0.545
49.499;2.545;0.545
49.599;2.55;0.545
49.699;2.55;0.54
49.799;2.55;0.545
49.898;2.55;0.545
49.998;2.56;0.545
50.1;2.565;0.545
50.199;2.565;0.55
50.299;2.565;0.545
50.399;2.57;0.55
50.499;2.59;0.55
50.599;2.6;0.55
50.7;2.6;0.55
50.8;2.615;0.55
50.899;2.625;0.545
50.999;2.625;0.55
51.099;2.63;0.545
51.2;2.65;0.55
51.299;2.66;0.545
51.4;2.675;0.55
51.5;2.685;0.55
51.599;2.7;0.555
51.699;2.705;0.555
51.8;2.715;0.555
51.9;2.73;0.555
51.999;2.735;0.555
52.099;2.74;0.55
52.2;2.765;0.555
52.299;2.77;0.555
52.4;2.79;0.555
52.499;2.795;0.555
52.6;2.82;0.555
52.699;2.835;0.555
52.8;2.835;0.56
52.899;2.85;0.56
52.999;2.84;0.555
53.1;2.855;0.555
53.2;2.85;0.555
53.299;2.865;0.56
53.4;2.87;0.56
53.499;2.86;0.555
53.6;2.885;0.56
53.699;2.89;0.565
53.799;2.905;0.56
53.9;2.905;0.56
53.998;2.92;0.56
54.099;2.925;0.56
54.199;2.94;0.565
54.3;2.955;0.565
54.4;2.97;0.565
54.5;2.97;0.565
54.598;2.99;0.565
54.699;2.98;0.565
54.799;2.985;0.565
54.899;2.985;0.565
54.999;3;0.57
55.1;3.01;0.565
55.2;3.015;0.57
55.3;3.02;0.565
55.399;3.025;0.57
55.5;3.03;0.57
55.6;3.02;0.575
55.7;3.02;0.575
55.798;3.005;0.575
55.9;2.995;0.575
56;2.97;0.575
56.1;2.915;0.575
56.2;2.86;0.575
56.3;2.8;0.575
56.4;2.75;0.575
56.499;2.7;0.575
56.599;2.65;0.575
56.7;2.61;0.58
56.799;2.6;0.58
56.977;2.585;0.58
57;2.58;0.58
57.099;2.56;0.58
57.2;2.565;0.58
57.299;2.575;0.585
57.399;2.595;0.585
57.5;2.605;0.585
57.601;2.56;0.585
57.7;2.56;0.585
57.8;2.56;0.585
57.899;2.57;0.585
58;2.585;0.585
58.099;2.585;0.585
58.198;2.61;0.59
58.3;2.65;0.59
58.399;2.65;0.585
58.5;2.68;0.59
58.6;2.7;0.585
58.7;2.715;0.59
58.8;2.735;0.595
58.9;2.77;0.59
59;2.795;0.595
59.099;2.805;0.595
59.2;2.805;0.595
59.299;2.81;0.595
59.4;2.805;0.59
59.5;2.82;0.595
59.599;2.835;0.595
59.699;2.855;0.595
59.799;2.865;0.595
59.899;2.885;0.6
59.999;2.885;0.6
60.099;2.92;0.595
60.2;2.92;0.6
60.298;2.93;0.6
60.4;2.935;0.6
60.499;2.96;0.605
60.599;2.97;0.605
60.699;2.97;0.6
60.799;2.99;0.605
60.9;2.995;0.6
61;2.985;0.605
61.099;3;0.605
61.199;3.02;0.61
61.299;3.02;0.605
61.398;3.035;0.61
61.499;3.03;0.605
61.599;3.025;0.605
61.699;3.01;0.615
61.8;3.01;0.615
61.898;2.985;0.615
61.999;2.985;0.61
62.1;2.985;0.615
62.199;2.975;0.61
62.299;2.96;0.61
62.399;2.935;0.61
62.5;2.9;0.615
62.6;2.84;0.62
62.7;2.805;0.615
62.8;2.765;0.62
62.899;2.71;0.62
62.999;2.685;0.62
63.099;2.635;0.62
63.199;2.61;0.62
63.3;2.6;0.62
63.399;2.59;0.625
63.499;2.57;0.62
63.6;2.565;0.625
63.699;2.555;0.625
63.8;2.575;0.625
63.899;2.575;0.625
63.999;2.61;0.625
64.1;2.645;0.63
64.199;2.68;0.63
64.299;2.71;0.63
64.401;2.735;0.635
64.499;2.755;0.635
64.6;2.78;0.635
64.699;2.795;0.635
64.802;2.8;0.635
64.9;2.815;0.635
64.999;2.845;0.64
65.099;2.865;0.635
65.199;2.875;0.64
65.299;2.885;0.64
65.399;2.905;0.64
65.499;2.925;0.64
65.599;2.945;0.64
65.699;2.975;0.645
65.799;2.98;0.64
65.9;2.985;0.64
66;2.995;0.645
66.1;2.995;0.645
66.199;3.015;0.645
66.3;3.015;0.65
66.398;3;0.65
66.5;2.99;0.65
66.599;2.965;0.65
66.699;2.895;0.65
66.799;2.865;0.655
66.9;2.86;0.65
67;2.815;0.65
67.1;2.745;0.65
67.199;2.655;0.655
67.299;2.575;0.66
67.399;2.57;0.66
67.499;2.565;0.655
67.599;2.58;0.66
67.699;2.595;0.66
67.8;2.64;0.66
67.899;2.64;0.66
67.999;2.635;0.66
68.099;2.65;0.66
68.199;2.68;0.665
68.299;2.705;0.665
68.399;2.725;0.67
68.499;2.74;0.67
68.599;2.745;0.665
68.699;2.765;0.67
68.799;2.79;0.67
68.9;2.8;0.67
69;2.835;0.67
69.1;2.865;0.675
69.199;2.885;0.675
69.299;2.89;0.67
69.399;2.905;0.675
69.5;2.93;0.675
69.599;2.935;0.675
69.699;2.95;0.68
69.799;2.96;0.68
69.9;2.975;0.68
69.999;2.975;0.68
70.098;2.985;0.68
70.199;2.985;0.68
70.3;2.995;0.68
70.399;3.005;0.685
70.499;3.015;0.685
70.599;3.02;0.685
70.699;3;0.685
70.8;2.98;0.685
70.899;2.955;0.685
70.999;2.92;0.69
71.099;2.87;0.685
71.199;2.835;0.685
71.3;2.765;0.695
71.399;2.695;0.695
71.5;2.635;0.695
71.6;2.59;0.69
71.699;2.57;0.695
71.8;2.575;0.695
71.899;2.57;0.695
71.999;2.59;0.7
72.1;2.61;0.695
72.2;2.63;0.7
72.299;2.65;0.7
72.399;2.685;0.7
72.499;2.72;0.705
72.6;2.76;0.705
72.699;2.765;0.705
72.799;2.795;0.705
72.899;2.815;0.71
72.999;2.84;0.71
73.099;2.85;0.705
73.199;2.89;0.71
73.299;2.895;0.71
73.399;2.91;0.71
73.499;2.925;0.715
73.599;2.93;0.71
73.699;2.96;0.715
73.799;2.955;0.715
73.899;2.975;0.72
73.999;2.99;0.72
74.099;2.98;0.72
74.199;2.995;0.72
74.299;3.01;0.72
74.399;3.015;0.725
74.499;3.025;0.725
74.599;3.01;0.725
74.699;2.97;0.725
74.799;2.94;0.73
74.899;2.895;0.73
75;2.825;0.725
75.099;2.735;0.73
75.199;2.665;0.73
75.299;2.625;0.735
75.399;2.575;0.73
75.499;2.575;0.735
75.598;2.59;0.735
75.699;2.61;0.74
75.799;2.625;0.74
75.9;2.66;0.74
75.999;2.7;0.74
76.099;2.72;0.745
76.199;2.765;0.745
76.3;2.795;0.745
76.399;2.81;0.745
76.499;2.855;0.745
76.599;2.875;0.745
76.699;2.885;0.75
76.799;2.9;0.745
76.899;2.92;0.75
76.999;2.94;0.755
77.099;2.96;0.755
77.199;2.995;0.755
77.3;2.975;0.755
77.399;2.985;0.76
77.499;2.995;0.76
77.599;3.005;0.755
77.699;3.02;0.76
77.799;3.025;0.76
77.899;3.035;0.76
77.999;3.04;0.765
78.1;3.01;0.765
78.199;2.94;0.765
78.299;2.875;0.765
78.399;2.825;0.765
78.499;2.765;0.77
78.599;2.76;0.775
78.7;2.725;0.77
78.799;2.67;0.77
78.899;2.635;0.775
79;2.59;0.775
79.099;2.565;0.78
79.199;2.58;0.775
79.3;2.64;0.78
79.399;2.685;0.78
79.5;2.72;0.785
79.599;2.74;0.785
79.7;2.78;0.785
79.799;2.805;0.785
79.9;2.82;0.785
79.999;2.845;0.785
80.099;2.865;0.79
80.199;2.875;0.795
80.3;2.905;0.79
80.399;2.91;0.795
80.499;2.94;0.795
80.599;2.98;0.795
80.699;2.99;0.8
80.799;3.005;0.8
80.899;3.025;0.8
80.999;3.035;0.8
81.1;3.035;0.8
81.198;2.995;0.805
81.299;2.98;0.805
81.399;2.95;0.805
81.499;2.905;0.81
81.6;2.825;0.81
81.699;2.685;0.81
81.8;2.58;0.81
81.899;2.565;0.815
82;2.595;0.81
82.099;2.645;0.815
82.199;2.7;0.82
82.299;2.735;0.82
82.399;2.78;0.82
82.499;2.805;0.82
82.6;2.835;0.825
82.7;2.85;0.82
82.8;2.875;0.825
82.899;2.9;0.83
82.999;2.92;0.83
83.099;2.925;0.83
83.199;2.975;0.83
83.299;3.005;0.83
83.399;3.02;0.835
83.499;3.025;0.84
83.599;3.04;0.835
83.699;3.035;0.84
83.799;3;0.84
83.899;2.935;0.84
83.999;2.86;0.845
84.099;2.785;0.845
84.199;2.66;0.85
84.299;2.59;0.845
84.399;2.555;0.855
84.499;2.545;0.855
84.6;2.545;0.85
84.699;2.585;0.855
84.799;2.635;0.855
84.899;2.685;0.855
84.999;2.735;0.86
85.099;2.785;0.86
85.199;2.81;0.865
85.299;2.85;0.865
85.399;2.855;0.865
85.499;2.88;0.865
85.599;2.91;0.87
85.7;2.93;0.87
85.799;2.97;0.875
85.899;2.99;0.875
85.999;2.99;0.875
86.098;3.02;0.88
86.2;3.035;0.88
86.3;3.04;0.88
86.399;3.01;0.88
86.499;2.96;0.88
86.599;2.84;0.885
86.699;2.695;0.885
86.8;2.59;0.89
86.899;2.545;0.89
87;2.54;0.89
87.099;2.575;0.89
87.199;2.62;0.895
87.299;2.655;0.895
87.399;2.72;0.9
87.5;2.77;0.9
87.599;2.825;0.905
87.699;2.855;0.905
87.799;2.89;0.905
87.899;2.905;0.905
87.999;2.93;0.91
88.099;2.975;0.91
88.199;2.99;0.915
88.3;3.015;0.915
88.399;3.03;0.915
88.499;3.035;0.92
88.599;2.98;0.92
88.699;2.915;0.92
88.799;2.795;0.925
88.899;2.66;0.925
89;2.575;0.925
89.099;2.55;0.93
89.2;2.555;0.935
89.299;2.595;0.935
89.4;2.64;0.935
89.499;2.705;0.935
89.599;2.755;0.935
89.699;2.81;0.94
89.8;2.845;0.94
89.899;2.885;0.945
90;2.91;0.945
90.099;2.94;0.95
90.199;2.96;0.95
90.3;3;0.955
90.399;3.02;0.955
90.499;3.045;0.955
90.599;3.02;0.955
90.699;2.96;0.96
90.799;2.85;0.965
90.899;2.715;0.965
90.999;2.575;0.97
91.099;2.535;0.965
91.2;2.54;0.97
91.299;2.585;0.97
91.399;2.655;0.975
91.499;2.71;0.975
91.599;2.77;0.975
91.699;2.825;0.98
91.799;2.87;0.985
91.899;2.885;0.98
91.999;2.9;0.985
92.099;2.945;0.99
92.199;2.98;0.985
92.299;2.99;0.99
92.399;3.03;0.995
92.499;3.025;0.995
92.6;2.93;0.995
92.699;2.79;1
92.799;2.63;1
92.899;2.565;1.005
92.999;2.555;1.005
93.099;2.59;1.01
93.199;2.65;1.005
93.299;2.71;1.01
93.399;2.775;1.015
93.499;2.83;1.015
93.599;2.855;1.02
93.699;2.88;1.02
93.8;2.91;1.02
93.899;2.925;1.025
94;2.97;1.02
94.099;3;1.03
94.199;3.035;1.03
94.299;3.045;1.03
94.399;2.995;1.03
94.5;2.89;1.035
94.6;2.76;1.035
94.699;2.635;1.04
94.799;2.57;1.04
94.899;2.56;1.045
94.999;2.595;1.045
95.099;2.64;1.05
95.199;2.695;1.05
95.299;2.745;1.05
95.399;2.805;1.055
95.499;2.84;1.055
95.599;2.86;1.055
95.699;2.89;1.06
95.799;2.92;1.06
95.899;2.97;1.065
95.999;3.01;1.06
96.099;3.025;1.065
96.199;3.05;1.07
96.299;3.02;1.07
96.399;2.95;1.07
96.499;2.835;1.07
96.599;2.67;1.075
96.7;2.59;1.08
96.799;2.565;1.08
96.899;2.585;1.085
97;2.635;1.08
97.1;2.685;1.09
97.199;2.725;1.085
97.299;2.78;1.09
97.399;2.83;1.095
97.499;2.875;1.095
97.599;2.89;1.095
97.699;2.925;1.1
97.799;2.96;1.1
97.899;2.985;1.1
97.999;3.005;1.1
98.099;3.035;1.105
98.199;3.03;1.105
98.299;2.99;1.11
98.399;2.86;1.11
98.499;2.69;1.115
98.599;2.595;1.115
98.699;2.575;1.115
98.799;2.595;1.12
98.899;2.645;1.12
98.999;2.705;1.12
99.099;2.755;1.125
99.199;2.805;1.13
99.3;2.84;1.13
99.399;2.87;1.13
99.499;2.895;1.13
99.599;2.925;1.135
99.699;2.955;1.135
99.799;2.99;1.14
99.899;3.02;1.14
100;3.05;1.145
100.099;3.025;1.145
100.199;2.97;1.145
100.299;2.845;1.15
100.399;2.68;1.15
100.499;2.585;1.155
100.598;2.57;1.155
100.699;2.6;1.16
100.799;2.65;1.16
100.899;2.7;1.16
100.999;2.74;1.16
101.099;2.78;1.165
101.199;2.815;1.165
101.299;2.86;1.17
101.4;2.875;1.17
101.499;2.885;1.17
101.6;2.925;1.175
101.699;2.965;1.175
101.8;3;1.18
101.899;3.025;1.18
101.999;3.04;1.185
102.099;2.99;1.18
102.199;2.905;1.185
102.299;2.75;1.185
102.399;2.61;1.185
102.499;2.56;1.195
102.6;2.555;1.19
102.699;2.6;1.195
102.799;2.66;1.2
102.899;2.71;1.2
102.998;2.76;1.2
103.1;2.805;1.205
103.199;2.85;1.205
103.3;2.875;1.21
103.4;2.895;1.21
103.499;2.92;1.21
103.599;2.96;1.215
103.699;2.99;1.215
103.8;3.005;1.22
103.9;3.03;1.22
103.999;3.015;1.22
104.099;2.955;1.22
104.199;2.84;1.22
104.3;2.675;1.225
104.399;2.575;1.23
104.499;2.555;1.23
104.599;2.57;1.23
104.699;2.63;1.235
104.8;2.685;1.235
104.9;2.725;1.24
104.999;2.77;1.235
105.099;2.805;1.24
105.199;2.84;1.24
105.3;2.865;1.245
105.399;2.88;1.25
105.499;2.895;1.245
105.599;2.935;1.25
105.699;2.985;1.25
105.8;3.02;1.255
105.899;3.04;1.255
105.999;3.01;1.26
106.099;2.945;1.26
106.199;2.825;1.265
106.299;2.675;1.265
106.399;2.575;1.27
106.5;2.56;1.265
106.599;2.575;1.27
106.699;2.63;1.27
106.799;2.69;1.275
106.899;2.745;1.28
106.999;2.795;1.275
107.099;2.84;1.28
107.2;2.86;1.28
107.299;2.895;1.285
107.399;2.905;1.285
107.5;2.95;1.29
107.599;2.985;1.29
107.7;3.005;1.29
107.799;3.035;1.295
107.899;3.045;1.3
107.999;2.995;1.3
108.1;2.905;1.3
108.199;2.79;1.305
108.299;2.66;1.305
108.399;2.58;1.305
108.499;2.57;1.305
108.599;2.58;1.31
108.699;2.635;1.315
108.799;2.695;1.315
108.899;2.745;1.32
108.999;2.795;1.32
109.099;2.83;1.32
109.199;2.87;1.325
109.3;2.9;1.325
109.399;2.93;1.33
109.499;2.97;1.33
109.6;2.98;1.33
109.7;2.985;1.33
109.799;3.005;1.33
109.899;3;1.335
109.999;2.945;1.335
110.099;2.88;1.34
110.199;2.75;1.34
110.299;2.615;1.34
110.399;2.58;1.345
110.499;2.58;1.345
110.599;2.615;1.35
110.699;2.675;1.355
110.8;2.73;1.35
110.899;2.765;1.35
110.999;2.795;1.355
111.1;2.84;1.355
111.2;2.86;1.36
111.299;2.88;1.36
111.399;2.895;1.36
111.499;2.91;1.37
111.599;2.985;1.37
111.7;2.985;1.37
111.799;3.025;1.375
111.9;3.05;1.375
111.999;3.035;1.375
112.099;2.94;1.38
112.199;2.84;1.38
112.299;2.72;1.38
112.399;2.635;1.38
112.499;2.575;1.385
112.599;2.57;1.39
112.7;2.605;1.39
112.8;2.65;1.395
112.9;2.695;1.395
112.999;2.74;1.395
113.099;2.78;1.395
113.199;2.835;1.4
113.3;2.865;1.405
113.399;2.9;1.405
113.498;2.935;1.405
113.599;2.98;1.405
113.699;3.005;1.41
113.8;3.03;1.41
113.9;3.05;1.41
114;2.99;1.415
114.099;2.89;1.415
114.2;2.76;1.415
114.3;2.63;1.42
114.4;2.58;1.425
114.499;2.56;1.425
114.598;2.605;1.43
114.699;2.64;1.425
114.8;2.69;1.43
114.9;2.725;1.43
114.999;2.765;1.435
115.099;2.81;1.435
115.2;2.84;1.435
115.299;2.87;1.44
115.399;2.89;1.44
115.5;2.885;1.445
115.6;2.95;1.445
115.699;2.985;1.45
115.799;3.01;1.45
115.9;3.045;1.45
115.999;3.055;1.455
116.099;2.985;1.455
116.2;2.86;1.455
116.299;2.7;1.46
116.399;2.61;1.46
116.5;2.575;1.465
116.599;2.585;1.465
116.699;2.63;1.465
116.8;2.69;1.47
116.9;2.73;1.47
117;2.79;1.475
117.1;2.83;1.475
117.2;2.865;1.475
117.299;2.905;1.475
117.399;2.92;1.48
117.5;2.935;1.485
117.599;2.98;1.485
117.699;3.005;1.49
117.799;3.04;1.49
117.899;3.055;1.49
118;3.035;1.49
118.099;2.985;1.495
118.2;2.905;1.5
118.299;2.75;1.5
118.399;2.635;1.5
118.499;2.58;1.5
118.599;2.58;1.5
118.699;2.625;1.505
118.8;2.675;1.505
118.9;2.73;1.51
118.999;2.775;1.515
119.099;2.815;1.515
119.199;2.855;1.515
119.3;2.89;1.515
119.4;2.915;1.52
119.5;2.945;1.52
119.599;2.985;1.525
119.699;3.005;1.525
119.799;3.04;1.525
119.9;3.04;1.53
120;2.99;1.53
120.1;2.88;1.535
120.199;2.74;1.535
120.299;2.62;1.54
120.399;2.58;1.54
120.499;2.575;1.54
120.599;2.6;1.54
120.699;2.65;1.545
120.799;2.7;1.545
120.899;2.76;1.55
120.999;2.795;1.55
121.099;2.835;1.55
121.2;2.87;1.555
121.3;2.89;1.555
121.399;2.925;1.555
121.499;2.96;1.56
121.599;2.985;1.56
121.699;3.02;1.565
121.8;3.05;1.565
121.9;3.05;1.57
122;3.005;1.57
122.099;2.905;1.57
122.199;2.755;1.575
122.299;2.625;1.575
122.4;2.57;1.575
122.5;2.575;1.575
122.599;2.62;1.58
122.7;2.675;1.585
122.799;2.73;1.585
122.9;2.775;1.59
123;2.815;1.59
123.099;2.855;1.59
123.199;2.88;1.59
123.299;2.9;1.59
123.4;2.94;1.595
123.499;2.965;1.6
123.599;2.995;1.595
123.699;3.015;1.6
123.8;3.04;1.605
123.899;3.03;1.605
124;2.955;1.61
124.099;2.84;1.61
124.2;2.695;1.61
124.299;2.585;1.61
124.4;2.57;1.615
124.5;2.585;1.615
124.599;2.625;1.62
124.699;2.675;1.62
124.8;2.735;1.62
124.9;2.78;1.625
125;2.825;1.625
125.099;2.86;1.625
125.2;2.9;1.63
125.3;2.905;1.63
125.399;2.945;1.635
125.5;2.985;1.635
125.599;3;1.635
125.699;3.025;1.635
125.8;3.035;1.64
125.899;3.02;1.64
125.999;2.975;1.645
126.1;2.84;1.645
126.199;2.665;1.645
126.299;2.575;1.655
126.398;2.56;1.655
126.499;2.595;1.65
126.599;2.645;1.655
126.7;2.71;1.66
126.799;2.765;1.655
126.9;2.795;1.66
126.999;2.84;1.665
127.1;2.88;1.66
127.199;2.89;1.665
127.299;2.915;1.67
127.4;2.955;1.675
127.499;3;1.675
127.6;3.015;1.675
127.699;3.035;1.675
127.799;3.035;1.68
127.899;3.005;1.68
128;2.94;1.68
128.099;2.785;1.685
128.199;2.645;1.68
128.299;2.57;1.685
128.399;2.58;1.69
128.499;2.6;1.69
128.599;2.635;1.69
128.7;2.69;1.695
128.8;2.75;1.695
128.899;2.805;1.7
129;2.815;1.7
129.099;2.85;1.7
129.199;2.88;1.705
129.3;2.895;1.705
129.4;2.92;1.705
129.5;2.94;1.715
129.599;2.97;1.715
129.699;2.995;1.715
129.799;3.02;1.715
129.9;3.03;1.72
130;3.025;1.72
130.099;2.99;1.72
130.199;2.88;1.72
130.299;2.725;1.725
130.399;2.61;1.725
130.5;2.565;1.725
130.6;2.555;1.73
130.7;2.605;1.735
130.8;2.63;1.735
130.899;2.69;1.74
130.999;2.745;1.74
131.1;2.78;1.745
131.199;2.82;1.745
131.3;2.835;1.745
131.399;2.88;1.745
131.5;2.895;1.75
131.599;2.955;1.75
131.7;2.985;1.755
131.8;3.025;1.755
131.9;3.045;1.755
131.999;3.03;1.76
132.1;2.99;1.76
132.199;2.93;1.765
132.3;2.795;1.765
132.398;2.675;1.76
132.499;2.605;1.77
132.6;2.57;1.77
132.699;2.59;1.775
132.799;2.64;1.775
132.899;2.7;1.77
132.999;2.745;1.775
133.1;2.78;1.78
133.2;2.785;1.78
133.3;2.855;1.78
133.4;2.88;1.785
133.499;2.895;1.785
133.6;2.92;1.79
133.699;2.965;1.79
133.799;2.965;1.79
133.9;3.02;1.79
134;3.02;1.795
134.1;3.05;1.8
134.2;3.035;1.795
134.3;2.955;1.8
134.399;2.835;1.8
134.5;2.7;1.8
134.599;2.59;1.805
134.7;2.565;1.81
134.8;2.595;1.81
134.899;2.64;1.81
134.999;2.69;1.815
135.1;2.73;1.815
135.199;2.79;1.815
135.299;2.81;1.82
135.399;2.86;1.815
135.499;2.85;1.82
135.599;2.915;1.825
135.699;2.92;1.825
135.799;2.985;1.825
135.9;3.01;1.83
136;3.03;1.83
136.1;3.045;1.835
136.2;3.025;1.835
136.3;2.94;1.835
136.4;2.785;1.84
136.5;2.67;1.84
136.6;2.59;1.845
136.7;2.57;1.845
136.8;2.62;1.85
136.899;2.665;1.85
136.999;2.735;1.85
137.099;2.78;1.855
137.199;2.81;1.855
137.299;2.85;1.855
137.399;2.885;1.855
137.499;2.9;1.86
137.599;2.92;1.86
137.7;2.94;1.86
137.799;3.005;1.865
137.899;3;1.865
138;3.025;1.87
138.1;3.04;1.87
138.2;3.025;1.87
138.299;2.955;1.875
138.399;2.83;1.875
138.499;2.675;1.88
138.599;2.625;1.88
138.7;2.56;1.88
138.799;2.595;1.885
138.899;2.64;1.885
138.999;2.685;1.885
139.1;2.73;1.885
139.2;2.79;1.89
139.299;2.795;1.895
139.4;2.825;1.895
139.499;2.855;1.895
139.6;2.87;1.9
139.7;2.915;1.9
139.799;2.96;1.9
139.9;2.995;1.9
139.999;3.015;1.905
140.099;3.035;1.91
140.199;3.045;1.91
140.3;2.995;1.91
140.4;2.92;1.91
140.5;2.815;1.915
140.598;2.75;1.92
140.699;2.59;1.92
140.799;2.57;1.92
140.899;2.6;1.92
140.999;2.66;1.925
141.1;2.725;1.93
141.199;2.77;1.925
141.299;2.81;1.925
141.399;2.835;1.935
141.498;2.865;1.93
141.6;2.885;1.935
141.699;2.905;1.94
141.799;2.925;1.935
141.899;2.97;1.94
141.999;3.005;1.94
142.099;3.025;1.945
142.2;3.05;1.95
142.299;3.02;1.95
142.399;2.955;1.95
142.5;2.83;1.95
142.601;2.695;1.955
142.7;2.58;1.955
142.8;2.57;1.96
142.9;2.6;1.96
143;2.66;1.96
143.099;2.695;1.96
143.2;2.74;1.965
143.299;2.775;1.97
143.4;2.805;1.965
143.5;2.84;1.97
143.599;2.865;1.975
143.7;2.855;1.97
143.799;2.885;1.975
143.9;2.91;1.975
143.999;2.965;1.98
144.099;2.985;1.98
144.2;3.015;1.98
144.299;3.035;1.985
144.399;3.06;1.985
144.499;3.045;1.985
144.599;3;1.99
144.699;2.93;1.995
144.8;2.81;1.995
144.899;2.68;1.995
144.999;2.625;2
145.1;2.58;2
145.2;2.6;2
145.299;2.64;2.005
145.399;2.695;2.005
145.499;2.725;2.005
145.599;2.75;2.01
145.7;2.81;2.01
145.8;2.85;2.015
145.9;2.865;2.01
145.999;2.89;2.015
146.099;2.925;2.015
146.199;2.97;2.015
146.3;3.01;2.02
146.4;3.02;2.025
146.499;3.035;2.02
146.6;3.06;2.025
146.7;2.99;2.025
146.8;2.89;2.03
146.899;2.72;2.03
147;2.635;2.035
147.1;2.595;2.035
147.2;2.575;2.035
147.3;2.62;2.035
147.399;2.675;2.04
147.499;2.72;2.045
147.599;2.745;2.045
147.699;2.8;2.045
147.799;2.83;2.05
147.899;2.845;2.05
148;2.885;2.05
148.099;2.95;2.055
148.199;3.04;2.05
148.3;2.905;2.055
148.4;2.63;2.055
148.499;2.695;2.055
148.6;2.75;2.06
148.7;2.75;2.06
148.8;2.705;2.065
148.899;2.64;2.065
149;2.6;2.065
149.1;2.595;2.07
149.2;2.575;2.075
149.3;2.595;2.075
149.399;2.615;2.075
149.499;2.67;2.075
149.6;2.7;2.08
149.699;2.725;2.08
149.799;2.77;2.08
149.9;2.815;2.085
149.999;2.845;2.09
150.1;2.865;2.09
150.199;2.875;2.09
150.3;2.895;2.09
150.399;2.95;2.09
150.499;2.995;2.095
150.6;3.035;2.095
150.7;3.055;2.1
150.799;3.065;2.1
150.899;3.045;2.1
150.999;2.975;2.105
151.099;2.845;2.105
151.199;2.725;2.11
151.3;2.635;2.11
151.399;2.575;2.11
151.5;2.595;2.11
151.6;2.635;2.115
151.699;2.7;2.115
151.801;2.74;2.12
151.899;2.785;2.12
152;2.805;2.125
152.1;2.84;2.125
152.199;2.87;2.125
152.299;2.87;2.125
152.4;2.895;2.13
152.5;2.935;2.13
152.6;2.98;2.135
152.7;3.02;2.13
152.799;3.05;2.13
152.9;3.045;2.135
153;2.95;2.135
153.099;2.87;2.145
153.2;2.72;2.14
153.3;2.625;2.145
153.4;2.58;2.15
153.5;2.58;2.15
153.6;2.615;2.15
153.7;2.65;2.155
153.799;2.685;2.155
153.9;2.72;2.155
153.999;2.74;2.155
154.099;2.775;2.16
154.2;2.81;2.16
154.3;2.825;2.16
154.399;2.855;2.165
154.499;2.86;2.165
154.6;2.865;2.165
154.7;2.9;2.17
154.799;2.92;2.17
154.9;2.97;2.17
155;3.015;2.175
155.099;3.03;2.175
155.2;3.06;2.175
155.3;3.065;2.18
155.4;3.025;2.18
155.499;2.95;2.185
155.6;2.82;2.185
155.7;2.695;2.185
155.799;2.585;2.19
155.899;2.565;2.185
156;2.6;2.195
156.1;2.66;2.195
156.199;2.715;2.195
156.3;2.76;2.195
156.4;2.81;2.2
156.499;2.845;2.2
156.599;2.855;2.2
156.699;2.85;2.2
156.8;2.885;2.2
156.9;2.91;2.21
157;2.96;2.21
157.1;3.005;2.21
157.199;3.04;2.215
157.3;3.065;2.21
157.4;3.04;2.215
157.5;2.895;2.22
157.599;2.83;2.22
157.699;2.735;2.22
157.8;2.635;2.225
157.899;2.56;2.22
158;2.56;2.225
158.099;2.59;2.225
158.199;2.63;2.225
158.3;2.675;2.23
158.4;2.715;2.235
158.5;2.76;2.23
158.599;2.8;2.235
158.699;2.84;2.24
158.799;2.865;2.24
158.899;2.875;2.245
158.999;2.89;2.245
159.099;2.905;2.245
159.199;2.965;2.25
159.3;3.015;2.25
159.399;3.03;2.25
159.5;3.055;2.255
159.6;3.05;2.255
159.699;3.04;2.25
159.8;2.975;2.255
159.9;2.88;2.26
159.999;2.77;2.26
160.1;2.63;2.265
160.199;2.56;2.26
160.299;2.56;2.265
160.399;2.595;2.265
160.499;2.645;2.27
160.6;2.69;2.27
160.699;2.73;2.275
160.799;2.78;2.275
160.9;2.815;2.275
161;2.845;2.275
161.099;2.865;2.28
161.199;2.87;2.285
161.299;2.89;2.285
161.4;2.915;2.285
161.5;2.965;2.285
161.6;3.02;2.285
161.699;3.035;2.29
161.799;3.005;2.29
161.9;3.005;2.295
161.999;2.965;2.295
162.1;2.9;2.295
162.2;2.775;2.3
162.299;2.64;2.3
162.399;2.56;2.3
162.499;2.555;2.305
162.599;2.605;2.305
162.7;2.635;2.305
162.8;2.705;2.31
162.899;2.74;2.315
162.999;2.785;2.315
163.099;2.815;2.31
163.2;2.84;2.31
163.299;2.875;2.315
163.399;2.875;2.32
163.499;2.89;2.32
163.599;2.925;2.32
163.699;2.955;2.325
163.8;3;2.325
163.9;3.03;2.325
163.999;3.05;2.33
164.099;3.055;2.33
164.199;3.07;2.33
164.3;3.02;2.335
164.402;2.95;2.33
164.499;2.845;2.335
164.599;2.72;2.34
164.7;2.59;2.34
164.799;2.555;2.345
164.9;2.555;2.345
165;2.595;2.345
165.099;2.65;2.345
165.2;2.705;2.345
165.3;2.75;2.35
165.4;2.79;2.35
165.5;2.84;2.355
165.599;2.875;2.355
165.699;2.89;2.355
165.8;2.9;2.36
165.9;2.91;2.365
166;2.94;2.365
166.099;2.97;2.365
166.199;3.015;2.365
166.299;3.045;2.365
166.4;3.05;2.37
166.499;3.065;2.375
166.599;3.035;2.37
166.7;2.975;2.375
166.799;2.86;2.375
166.9;2.74;2.38
167;2.625;2.38
167.099;2.56;2.38
167.199;2.555;2.38
167.3;2.59;2.385
167.4;2.645;2.385
167.499;2.7;2.385
167.599;2.755;2.385
167.7;2.805;2.39
167.799;2.835;2.39
167.899;2.88;2.395
168;2.885;2.39
168.101;2.91;2.4
168.2;2.925;2.4
168.299;2.95;2.4
168.399;2.975;2.4
168.5;3.01;2.405
168.6;3.03;2.405
168.7;3.06;2.405
168.8;3.07;2.405
168.902;3.04;2.41
169;2.965;2.41
169.1;2.87;2.41
169.199;2.74;2.41
169.3;2.625;2.415
169.4;2.56;2.42
169.5;2.555;2.42
169.6;2.58;2.42
169.699;2.635;2.42
169.799;2.69;2.42
169.899;2.745;2.425
169.998;2.795;2.425
170.099;2.845;2.43
170.2;2.875;2.43
170.298;2.9;2.435
170.4;2.91;2.435
170.499;2.92;2.435
170.599;2.935;2.435
170.699;2.965;2.44
170.799;2.995;2.44
170.899;3.025;2.445
170.999;3.05;2.445
171.1;3.06;2.445
171.2;3.035;2.445
171.298;2.96;2.45
171.399;2.86;2.455
171.5;2.71;2.45
171.6;2.605;2.45
171.7;2.575;2.455
171.8;2.59;2.46
171.9;2.635;2.46
171.999;2.685;2.46
172.1;2.745;2.465
172.199;2.785;2.465
172.3;2.82;2.46
172.399;2.85;2.465
172.499;2.885;2.47
172.599;2.91;2.47
172.699;2.93;2.47
172.799;2.96;2.475
172.9;2.985;2.47
173;3.005;2.475
173.099;3.01;2.475
173.199;3.03;2.48
173.3;3.045;2.48
173.399;3.045;2.48
173.499;3.01;2.485
173.599;2.955;2.485
173.699;2.855;2.49
173.799;2.73;2.485
173.899;2.635;2.49
174;2.6;2.495
174.1;2.6;2.495
174.199;2.615;2.495
174.3;2.66;2.5
174.399;2.715;2.5
174.5;2.76;2.5
174.599;2.795;2.5
174.699;2.825;2.5
174.799;2.855;2.505
174.9;2.88;2.505
174.998;2.91;2.51
175.099;2.93;2.515
175.2;2.945;2.515
175.299;2.96;2.51
175.4;3;2.515
175.499;3.01;2.52
175.601;3.025;2.52
175.7;3.035;2.52
175.799;3.045;2.52
175.899;3.025;2.52
176;2.975;2.52
176.1;2.88;2.525
176.2;2.775;2.53
176.299;2.655;2.53
176.398;2.6;2.53
176.5;2.59;2.535
176.6;2.6;2.535
176.699;2.645;2.535
176.799;2.695;2.54
176.899;2.745;2.54
176.999;2.77;2.54
177.099;2.815;2.54
177.199;2.85;2.545
177.3;2.87;2.545
177.4;2.905;2.55
177.5;2.92;2.55
177.6;2.94;2.555
177.699;2.955;2.555
177.8;2.985;2.555
177.9;3.02;2.555
178;3.025;2.555
178.1;3.04;2.555
178.199;3.06;2.555
178.3;3.015;2.56
178.4;2.975;2.56
178.499;2.89;2.56
178.598;2.77;2.565
178.699;2.65;2.57
178.8;2.595;2.57
178.899;2.575;2.57
178.999;2.6;2.57
179.099;2.63;2.57
179.2;2.68;2.575
179.299;2.73;2.575
179.4;2.77;2.575
179.499;2.8;2.58
179.599;2.835;2.58
179.699;2.87;2.58
179.798;2.9;2.585
179.899;2.92;2.585
179.999;2.935;2.59
180.099;2.965;2.59
180.2;2.995;2.59
180.3;3.01;2.59
180.399;3.01;2.595
180.499;3.02;2.595
180.599;3.055;2.595
180.699;3.055;2.6
180.8;2.97;2.6
180.9;2.84;2.6
180.999;2.84;2.6
181.1;2.64;2.6
181.2;2.59;2.605
181.299;2.595;2.61
181.4;2.615;2.61
181.499;2.615;2.615
181.6;2.7;2.61
181.699;2.7;2.615
181.8;2.735;2.615
181.899;2.77;2.615
181.999;2.81;2.62
182.099;2.84;2.62
182.199;2.855;2.62
182.299;2.87;2.62
182.4;2.89;2.625
182.5;2.905;2.625
182.599;2.925;2.63
182.7;2.945;2.625
182.8;2.955;2.63
182.899;2.98;2.635
183;3.005;2.635
183.099;3.025;2.635
183.199;3.04;2.635
183.299;3.04;2.635
183.4;3.015;2.64
183.5;2.96;2.645
183.599;2.905;2.64
183.699;2.83;2.64
183.799;2.705;2.645
183.9;2.6;2.65
183.998;2.59;2.65
184.1;2.635;2.65
184.2;2.69;2.65
184.298;2.72;2.655
184.4;2.76;2.655
184.499;2.79;2.655
184.6;2.835;2.66
184.699;2.84;2.66
184.799;2.85;2.66
184.9;2.855;2.66
184.999;2.88;2.665
185.1;2.905;2.665
185.2;2.93;2.665
185.3;2.965;2.67
185.4;3;2.67
185.499;3.04;2.67
185.6;3.04;2.67
185.7;3;2.675
185.799;2.87;2.675
185.9;2.755;2.675
186;2.69;2.68
186.1;2.65;2.68
186.199;2.585;2.68
186.299;2.59;2.685
186.399;2.605;2.685
186.5;2.625;2.685
186.599;2.675;2.685
186.7;2.735;2.69
186.799;2.775;2.695
186.9;2.81;2.69
187;2.83;2.695
187.099;2.845;2.695
187.2;2.835;2.7
187.299;2.86;2.7
187.4;2.855;2.7
187.499;2.88;2.7
187.599;2.9;2.705
187.699;2.94;2.705
187.799;2.945;2.705
187.899;2.97;2.71
187.999;2.99;2.71
188.099;3.005;2.71
188.199;3.02;2.71
188.3;3.025;2.71
188.4;3.04;2.715
188.5;3.05;2.715
188.599;3.005;2.715
188.7;2.925;2.72
188.799;2.885;2.72
188.899;2.845;2.72
188.999;2.79;2.72
189.1;2.62;2.725
189.2;2.62;2.725
189.3;2.595;2.73
189.4;2.58;2.73
189.5;2.59;2.73
189.6;2.6;2.73
189.7;2.66;2.735
189.8;2.73;2.735
189.9;2.795;2.735
189.999;2.855;2.74
190.099;2.875;2.74
190.199;2.885;2.745
190.3;2.905;2.74
190.4;2.925;2.745
190.499;2.96;2.745
190.6;2.985;2.75
190.699;3.015;2.75
190.8;3.03;2.75
190.898;3.035;2.75
191;3.045;2.75
191.1;3.025;2.75
191.199;2.98;2.755
191.3;2.9;2.755
191.399;2.85;2.76
191.499;2.69;2.76
191.6;2.605;2.765
191.699;2.59;2.76
191.799;2.61;2.765
191.899;2.625;2.765
191.999;2.665;2.77
192.099;2.725;2.77
192.199;2.78;2.775
192.3;2.815;2.77
192.399;2.845;2.77
192.499;2.865;2.775
192.6;2.86;2.775
192.7;2.875;2.78
192.8;2.895;2.775
192.9;2.925;2.78
193;2.96;2.78
193.099;3.005;2.785
193.199;3.02;2.78
193.299;3.04;2.785
193.399;3.025;2.79
193.499;2.995;2.79
193.599;2.975;2.79
193.7;2.905;2.79
193.8;2.85;2.79
193.9;2.745;2.795
194;2.63;2.795
194.099;2.585;2.8
194.2;2.585;2.8
194.299;2.61;2.8
194.399;2.66;2.805
194.499;2.695;2.805
194.598;2.73;2.805
194.7;2.76;2.805
194.8;2.795;2.81
194.9;2.815;2.81
195;2.845;2.815
195.1;2.85;2.815
195.2;2.875;2.815
195.299;2.87;2.815
195.4;2.875;2.815
195.499;2.885;2.815
195.6;2.91;2.82
195.7;2.95;2.825
195.799;2.985;2.82
195.899;3.01;2.825
196;3.03;2.825
196.1;3.035;2.825
196.2;3.05;2.83
196.299;3.05;2.83
196.399;3.01;2.83
196.499;2.95;2.83
196.599;2.875;2.835
196.7;2.79;2.835
196.799;2.685;2.835
196.899;2.615;2.84
196.999;2.59;2.84
197.1;2.595;2.84
197.199;2.605;2.84
197.299;2.63;2.845
197.399;2.66;2.84
197.499;2.69;2.845
197.6;2.725;2.845
197.7;2.76;2.845
197.8;2.8;2.85
197.899;2.825;2.855
198;2.85;2.855
198.1;2.87;2.855
198.199;2.89;2.855
198.3;2.885;2.86
198.398;2.915;2.86
198.499;2.935;2.86
198.6;2.98;2.86
198.7;3.01;2.86
198.799;3.035;2.86
198.899;3.04;2.865
198.999;3.05;2.865
199.1;3.04;2.87
199.2;3.015;2.87
199.299;2.975;2.875
199.399;2.9;2.87
199.499;2.795;2.875
199.599;2.67;2.875
199.699;2.61;2.88
199.8;2.58;2.88
199.899;2.6;2.88
200;2.625;2.885
200.099;2.655;2.88
200.2;2.7;2.885
200.3;2.75;2.885
200.4;2.775;2.885
200.499;2.81;2.89
200.599;2.84;2.89
200.7;2.85;2.895
200.799;2.855;2.89
200.9;2.875;2.895
201;2.88;2.895
201.1;2.895;2.895
201.199;2.915;2.9
201.3;2.965;2.9
201.399;2.985;2.9
201.5;3.02;2.9
201.599;3.025;2.905
201.699;3.045;2.905
201.799;3.055;2.905
201.899;3.03;2.905
202;2.985;2.905
202.1;2.94;2.91
202.199;2.885;2.91
202.299;2.815;2.91
202.399;2.715;2.91
202.5;2.635;2.915
202.6;2.59;2.915
202.699;2.585;2.92
202.798;2.6;2.92
202.899;2.625;2.925
202.999;2.665;2.92
203.099;2.705;2.925
203.199;2.735;2.925
203.299;2.775;2.925
203.4;2.805;2.93
203.499;2.83;2.93
203.599;2.845;2.93
203.699;2.85;2.93
203.8;2.86;2.93
203.899;2.875;2.935
204;2.875;2.935
204.1;2.89;2.94
204.2;2.895;2.94
204.299;2.91;2.94
204.399;2.94;2.94
204.5;2.97;2.945
204.599;3.01;2.94
204.699;3.045;2.945
204.799;3.055;2.95
204.898;3.06;2.95
205;3.06;2.945
205.1;3.045;2.955
205.2;3.015;2.95
205.299;2.99;2.955
205.398;2.895;2.955
205.5;2.78;2.955
205.6;2.72;2.955
205.7;2.64;2.96
205.799;2.585;2.96
205.9;2.59;2.96
206;2.615;2.965
206.1;2.67;2.96
206.2;2.73;2.96
206.299;2.79;2.965
206.399;2.83;2.97
206.5;2.845;2.97
206.599;2.855;2.97
206.7;2.875;2.97
206.801;2.88;2.975
206.9;2.9;2.975
207;2.93;2.97
207.1;2.955;2.975
207.199;2.975;2.975
207.3;3.025;2.98
207.4;3.04;2.985
207.5;3.055;2.985
207.6;3.06;2.985
207.699;3.05;2.985
207.799;2.99;2.985
207.9;2.885;2.99
207.998;2.77;2.985
208.099;2.665;2.99
208.2;2.615;2.99
208.299;2.59;2.995
208.4;2.595;2.995
208.499;2.63;2.99
208.599;2.66;2.995
208.699;2.705;2.995
208.799;2.75;3
208.899;2.78;3
208.999;2.82;3.005
209.099;2.84;3.005
209.2;2.845;3
209.298;2.855;3.005
209.4;2.87;3.01
209.5;2.86;3.01
209.6;2.87;3.01
209.699;2.885;3.01
209.8;2.915;3.015
209.899;2.945;3.01
209.999;2.975;3.01
210.1;3;3.015
210.199;3.005;3.015
210.3;3.015;3.015
210.399;3.035;3.02
210.499;3.065;3.02
210.6;3.055;3.025
210.699;3.05;3.02
210.8;3.045;3.02
210.899;3;3.025
211;2.925;3.025
211.099;2.79;3.025
211.199;2.68;3.025
211.3;2.605;3.03
211.398;2.585;3.035
211.5;2.6;3.03
211.6;2.635;3.035
211.7;2.67;3.035
211.801;2.71;3.035
211.899;2.745;3.04
212;2.78;3.04
212.1;2.805;3.04
212.2;2.83;3.045
212.299;2.85;3.045
212.399;2.87;3.045
212.5;2.865;3.045
212.599;2.895;3.05
212.7;2.9;3.045
212.798;2.935;3.05
212.899;2.945;3.055
212.999;2.985;3.055
213.1;3.01;3.055
213.2;3.035;3.055
213.299;3.055;3.055
213.4;3.065;3.06
213.499;3.07;3.055
213.6;3.055;3.06
213.7;3.005;3.06
213.8;2.94;3.06
213.899;2.865;3.06
214;2.765;3.065
214.1;2.675;3.065
214.199;2.615;3.07
214.3;2.685;3.07
214.398;2.6;3.07
214.499;2.605;3.075
214.599;2.61;3.07
214.698;2.655;3.07
214.799;2.7;3.075
214.899;2.715;3.075
214.999;2.765;3.075
215.099;2.78;3.08
215.199;2.815;3.08
215.3;2.835;3.08
215.399;2.855;3.085
215.5;2.87;3.085
215.6;2.88;3.085
215.699;2.895;3.085
215.8;2.905;3.09
215.902;2.92;3.09
216;2.965;3.09
216.099;2.985;3.09
216.2;3.01;3.095
216.299;3.025;3.09
216.398;3.065;3.095
216.5;3.065;3.095
216.6;3.055;3.1
216.699;3.015;3.1
216.798;2.95;3.1
216.898;2.875;3.1
216.999;2.755;3.1
217.101;2.685;3.105
217.198;2.615;3.105
217.299;2.575;3.105
217.4;2.595;3.11
217.499;2.605;3.105
217.6;2.66;3.11
217.7;2.695;3.11
217.799;2.74;3.115
217.899;2.765;3.115
218;2.785;3.115
218.1;2.815;3.115
218.2;2.835;3.12
218.299;2.85;3.12
218.4;2.875;3.12
218.5;2.9;3.12
218.599;2.89;3.125
218.699;2.9;3.125
218.799;2.895;3.125
218.899;2.935;3.125
219;2.96;3.125
219.098;2.985;3.13
219.199;3.005;3.13
219.3;3.035;3.13
219.4;3.055;3.135
219.499;3.065;3.135
219.6;3.08;3.135
219.699;3.06;3.135
219.8;3.02;3.135
219.899;2.97;3.14
219.999;2.89;3.14
220.1;2.78;3.14
220.199;2.69;3.14
220.3;2.615;3.14
220.399;2.585;3.145
220.498;2.585;3.145
220.599;2.605;3.15
220.699;2.64;3.145
220.799;2.68;3.15
220.899;2.705;3.15
220.999;2.75;3.155
221.099;2.775;3.155
221.2;2.8;3.155
221.298;2.825;3.155
221.4;2.845;3.155
221.499;2.87;3.155
221.599;2.885;3.155
221.7;2.905;3.16
221.798;2.895;3.16
221.899;2.92;3.165
221.999;2.92;3.165
222.099;2.94;3.165
222.199;2.965;3.16
222.298;3;3.165
222.399;3.03;3.17
222.498;3.04;3.17
222.6;3.06;3.17
222.699;3.075;3.17
222.8;3.08;3.175
222.899;3.06;3.175
222.999;3.025;3.175
223.1;2.975;3.175
223.2;2.885;3.175
223.3;2.765;3.18
223.4;2.665;3.18
223.499;2.61;3.18
223.599;2.59;3.185
223.7;2.59;3.18
223.799;2.61;3.185
223.9;2.645;3.185
223.999;2.695;3.185
224.099;2.725;3.19
224.2;2.755;3.185
224.299;2.78;3.19
224.4;2.815;3.19
224.498;2.825;3.19
224.599;2.85;3.195
224.7;2.875;3.195
224.8;2.89;3.195
224.899;2.905;3.195
224.999;2.895;3.2
225.099;2.895;3.195
225.199;2.91;3.2
225.3;2.915;3.2
225.4;2.95;3.2
225.499;2.94;3.205
225.6;3.01;3.205
225.698;3.025;3.205
225.799;3.045;3.205
225.898;3.055;3.205
225.998;3.075;3.205
226.1;3.085;3.21
226.2;3.07;3.21
226.3;3.035;3.21
226.399;2.99;3.215
226.499;2.895;3.22
226.599;2.78;3.22
226.7;2.67;3.215
226.799;2.61;3.22
226.9;2.585;3.22
226.999;2.59;3.22
227.098;2.605;3.225
227.2;2.635;3.225
227.299;2.655;3.225
227.399;2.675;3.225
227.5;2.715;3.225
227.599;2.745;3.225
227.699;2.765;3.23
227.798;2.79;3.23
227.899;2.815;3.23
228;2.845;3.235
228.098;2.855;3.235
228.199;2.875;3.235
228.3;2.9;3.235
228.398;2.89;3.235
228.499;2.895;3.24
228.599;2.905;3.24
228.699;2.91;3.24
228.799;2.945;3.24
228.9;2.965;3.245
229;3.005;3.24
229.099;3.01;3.245
229.199;3.03;3.245
229.3;3.05;3.245
229.399;3.06;3.25
229.498;3.075;3.25
229.6;3.08;3.25
229.699;3.065;3.25
229.8;3.05;3.255
229.899;3.01;3.25
229.999;2.99;3.255
230.099;2.955;3.26
230.198;2.89;3.255
230.299;2.815;3.255
230.398;2.725;3.26
230.499;2.66;3.26
230.599;2.61;3.26
230.698;2.58;3.26
230.799;2.59;3.265
230.899;2.605;3.265
230.999;2.62;3.265
231.1;2.66;3.265
231.199;2.695;3.27
231.299;2.735;3.27
231.399;2.77;3.27
231.499;2.79;3.27
231.599;2.81;3.275
231.698;2.825;3.27
231.8;2.855;3.275
231.899;2.885;3.275
231.999;2.91;3.275
232.099;2.905;3.28
232.2;2.92;3.28
232.299;2.92;3.28
232.4;2.945;3.28
232.498;2.96;3.28
232.598;2.975;3.28
232.698;3.005;3.285
232.799;3.025;3.29
232.898;3.045;3.29
232.998;3.06;3.285
233.099;3.07;3.285
233.199;3.075;3.29
233.299;3.075;3.29
233.4;3.045;3.295
233.498;3.015;3.29
233.6;2.95;3.29
233.7;2.87;3.295
233.8;2.765;3.295
233.9;2.675;3.3
234;2.615;3.295
234.099;2.58;3.3
234.198;2.58;3.3
234.3;2.595;3.3
234.399;2.62;3.305
234.499;2.655;3.305
234.599;2.685;3.305
234.7;2.74;3.305
234.799;2.77;3.31
234.899;2.81;3.305
234.998;2.825;3.305
235.099;2.855;3.31
235.2;2.87;3.31
235.298;2.89;3.31
235.398;2.895;3.315
235.499;2.905;3.315
235.598;2.925;3.315
235.698;2.945;3.32
235.8;2.99;3.32
235.899;3.005;3.32
235.999;3.015;3.32
236.099;3.04;3.32
236.199;3.055;3.32
236.299;3.06;3.325
236.399;3.075;3.325
236.499;3.065;3.325
236.6;3.04;3.33
236.699;3.02;3.325
236.798;2.975;3.325
236.899;2.9;3.33
236.998;2.81;3.33
237.099;2.695;3.335
237.199;2.63;3.33
237.3;2.58;3.335
237.399;2.57;3.33
237.5;2.58;3.335
237.598;2.61;3.34
237.699;2.645;3.34
237.799;2.68;3.34
237.9;2.72;3.34
238;2.74;3.34
238.098;2.775;3.345
238.199;2.8;3.34
238.298;2.83;3.34
238.399;2.84;3.345
238.498;2.86;3.345
238.599;2.885;3.345
238.699;2.91;3.35
238.799;2.905;3.35
238.899;2.92;3.35
239;2.91;3.35
239.099;2.93;3.35
239.199;2.93;3.355
239.3;2.96;3.355
239.399;2.985;3.355
239.499;3.015;3.355
239.599;3.03;3.36
239.698;3.05;3.36
239.799;3.065;3.36
239.898;3.07;3.36
239.999;3.06;3.36
240.099;3.035;3.36
240.199;3.005;3.365
240.3;2.96;3.36
240.399;2.885;3.365
240.498;2.755;3.365
240.599;2.68;3.365
240.698;2.625;3.37
240.8;2.605;3.37
240.899;2.585;3.37
240.999;2.59;3.37
241.1;2.62;3.375
241.199;2.63;3.37
241.298;2.66;3.375
241.4;2.705;3.375
241.499;2.755;3.38
241.6;2.79;3.38
241.699;2.805;3.38
241.799;2.815;3.38
241.898;2.835;3.38
241.999;2.835;3.38
242.099;2.845;3.385
242.198;2.84;3.38
242.298;2.84;3.385
242.4;2.865;3.385
242.499;2.875;3.39
242.599;2.875;3.385
242.699;2.9;3.39
242.799;2.89;3.39
242.898;2.925;3.39
242.999;2.93;3.39
243.099;2.96;3.39
243.198;2.98;3.39
243.299;2.995;3.395
243.399;3.025;3.395
243.499;3.04;3.395
243.598;3.05;3.4
243.699;3.055;3.4
243.798;3.06;3.4
243.898;3.07;3.4
243.999;3.05;3.4
244.098;3.06;3.405
244.199;3.035;3.405
244.299;2.98;3.405
244.399;2.91;3.405
244.499;2.8;3.41
244.6;2.69;3.405
244.698;2.64;3.41
244.799;2.65;3.41
244.898;2.635;3.41
244.999;2.595;3.41
245.099;2.575;3.41
245.198;2.58;3.41
245.299;2.585;3.41
245.4;2.615;3.415
245.498;2.64;3.415
245.6;2.675;3.415
245.7;2.705;3.42
245.799;2.72;3.42
245.898;2.735;3.42
245.999;2.755;3.42
246.1;2.785;3.42
246.199;2.805;3.425
246.3;2.815;3.42
246.399;2.83;3.425
246.5;2.855;3.43
246.599;2.875;3.425
246.7;2.89;3.425
246.798;2.895;3.425
246.9;2.915;3.43
246.999;2.925;3.43
247.099;2.935;3.43
247.2;2.965;3.435
247.299;3;3.43
247.399;3.02;3.435
247.499;3.04;3.435
247.6;3.06;3.435
247.699;3.055;3.44
247.8;3.055;3.435
247.9;3.06;3.44
248;3.04;3.44
248.099;3.02;3.445
248.199;2.995;3.445
248.298;2.975;3.44
248.4;2.95;3.445
248.499;2.895;3.445
248.6;2.82;3.445
248.698;2.755;3.45
248.799;2.705;3.45
248.899;2.65;3.45
248.999;2.61;3.45
249.099;2.71;3.455
249.2;2.625;3.455
249.299;2.585;3.455
249.4;2.605;3.455
249.499;2.635;3.455
249.599;2.675;3.455
249.698;2.695;3.455
249.798;2.73;3.46
249.898;2.765;3.455
249.999;2.775;3.46
250.098;2.8;3.46
250.199;2.805;3.465
250.299;2.825;3.46
250.398;2.835;3.465
250.499;2.865;3.46
250.599;2.87;3.47
250.699;2.885;3.465
250.798;2.89;3.465
250.898;2.895;3.465
250.999;2.91;3.47
251.099;2.92;3.47
251.2;2.93;3.475
251.299;2.94;3.475
251.398;2.955;3.475
251.5;2.955;3.47
251.599;2.965;3.475
251.698;2.98;3.475
251.799;3.01;3.475
251.9;3.03;3.475
252;3.035;3.475
252.098;3.05;3.475
252.199;3.04;3.48
252.299;3.06;3.48
252.399;3.035;3.48
252.498;3.01;3.48
252.598;2.95;3.48
252.699;2.885;3.485
252.798;2.835;3.485
252.899;2.75;3.485
252.999;2.77;3.485
253.098;2.71;3.49
253.199;2.63;3.49
253.3;2.6;3.49
253.399;2.605;3.49
253.499;2.585;3.49
253.6;2.59;3.49
253.699;2.61;3.495
253.799;2.625;3.495
253.899;2.645;3.49
254;2.675;3.495
254.099;2.69;3.495
254.199;2.725;3.5
254.3;2.75;3.495
254.4;2.78;3.5
254.499;2.79;3.5
254.598;2.795;3.5
254.699;2.805;3.505
254.799;2.805;3.5
254.899;2.81;3.5
255;2.825;3.505
255.099;2.83;3.51
255.199;2.845;3.505
255.299;2.88;3.51
255.399;2.905;3.51
255.498;2.915;3.515
255.598;2.945;3.515
255.699;2.945;3.515
255.8;2.97;3.515
255.899;2.98;3.51
256;3.005;3.515
256.1;3.01;3.515
256.2;3.01;3.52
256.299;3.025;3.52
256.399;3.035;3.52
256.499;3.045;3.52
256.599;3.035;3.52
256.699;3.03;3.52
256.8;3.035;3.525
256.9;3.045;3.525
256.998;3.055;3.525
257.099;3.015;3.53
257.198;2.975;3.53
257.299;2.935;3.53
257.399;2.895;3.525
257.498;2.835;3.53
257.599;2.725;3.525
257.699;2.64;3.53
257.798;2.635;3.535
257.898;2.58;3.53
257.999;2.595;3.535
258.099;2.595;3.535
258.2;2.62;3.535
258.299;2.65;3.535
258.399;2.68;3.535
258.498;2.7;3.535
258.598;2.745;3.54
258.698;2.765;3.535
258.8;2.785;3.54
258.899;2.8;3.54
258.999;2.81;3.54
259.099;2.83;3.545
259.199;2.83;3.54
259.299;2.86;3.545
259.399;2.875;3.545
259.5;2.885;3.545
259.599;2.89;3.545
259.7;2.895;3.545
259.8;2.905;3.55
259.898;2.915;3.55
259.999;2.92;3.55
260.099;2.935;3.55
260.199;2.975;3.55
260.299;2.975;3.555
260.399;2.99;3.555
260.498;3.005;3.555
260.599;3.03;3.555
260.698;3.04;3.56
260.798;3.045;3.56
260.899;3.045;3.555
261;3.045;3.56
261.099;3.04;3.555
261.198;3.03;3.56
261.299;2.995;3.565
261.399;2.96;3.56
261.499;2.9;3.56
261.599;2.825;3.565
261.7;2.74;3.565
261.799;2.685;3.565
261.899;2.62;3.565
262;2.6;3.57
262.099;2.59;3.565
262.2;2.6;3.57
262.299;2.6;3.57
262.401;2.62;3.575
262.498;2.635;3.57
262.599;2.645;3.57
262.699;2.675;3.575
262.8;2.685;3.57
262.898;2.705;3.575
262.999;2.725;3.575
263.1;2.745;3.58
263.199;2.75;3.58
263.299;2.765;3.58
263.398;2.78;3.58
263.499;2.795;3.58
263.599;2.81;3.58
263.7;2.815;3.585
263.798;2.83;3.58
263.899;2.855;3.585
263.999;2.865;3.585
264.099;2.87;3.585
264.199;2.87;3.585
264.3;2.865;3.59
264.399;2.865;3.585
264.5;2.865;3.585
264.6;2.875;3.585
264.699;2.885;3.59
264.799;2.88;3.59
264.898;2.89;3.59
264.998;2.905;3.59
265.099;2.905;3.59
265.2;2.92;3.59
265.299;2.94;3.595
265.399;2.96;3.595
265.499;2.965;3.6
265.6;2.98;3.595
265.699;3.01;3.6
265.799;3.035;3.6
265.898;3.04;3.6
265.999;3.055;3.6
266.099;3.05;3.6
266.202;3.04;3.6
266.299;3.035;3.6
266.398;3.005;3.605
266.499;2.93;3.6
266.598;2.845;3.605
266.699;2.745;3.61
266.798;2.67;3.605
266.898;2.615;3.61
266.999;2.59;3.61
267.099;2.585;3.605
267.198;2.615;3.605
267.3;2.63;3.61
267.399;2.655;3.61
267.499;2.685;3.615
267.599;2.705;3.61
267.699;2.72;3.615
267.798;2.73;3.615
267.899;2.74;3.615
267.998;2.745;3.615
268.099;2.755;3.615
268.199;2.775;3.615
268.299;2.77;3.615
268.399;2.78;3.62
268.498;2.78;3.62
268.599;2.79;3.62
268.7;2.805;3.62
268.799;2.81;3.62
268.898;2.82;3.62
269;2.835;3.625
269.099;2.85;3.625
269.198;2.87;3.625
269.3;2.88;3.625
269.398;2.875;3.63
269.499;2.875;3.625
269.6;2.895;3.625
269.698;2.92;3.63
269.798;2.93;3.63
269.898;2.96;3.63
269.999;2.975;3.63
270.099;2.98;3.635
270.198;3.005;3.635
270.298;3.015;3.635
270.399;3.025;3.635
270.499;3.04;3.635
270.599;3.055;3.635
270.699;3.06;3.64
270.799;3.055;3.635
270.899;3.06;3.64
270.999;3.045;3.64
271.099;3.04;3.64
271.198;3;3.64
271.3;2.95;3.64
271.399;2.875;3.645
271.498;2.78;3.645
271.598;2.695;3.64
271.699;2.635;3.645
271.798;2.595;3.645
271.899;2.595;3.645
271.999;2.585;3.645
272.099;2.6;3.645
272.198;2.61;3.645
272.298;2.63;3.645
272.398;2.66;3.645
272.499;2.68;3.65
272.6;2.705;3.65
272.699;2.715;3.65
272.798;2.755;3.655
272.898;2.775;3.655
273;2.79;3.65
273.098;2.795;3.65
273.199;2.8;3.655
273.299;2.81;3.655
273.399;2.83;3.66
273.499;2.835;3.655
273.599;2.855;3.66
273.7;2.865;3.66
273.799;2.87;3.66
273.9;2.865;3.66
273.998;2.87;3.66
274.098;2.87;3.665
274.199;2.885;3.665
274.299;2.905;3.665
274.398;2.925;3.665
274.499;2.95;3.665
274.598;2.965;3.67
274.699;2.99;3.665
274.798;3.01;3.665
274.899;3.015;3.665
274.998;3.03;3.665
275.099;3.045;3.67
275.198;3.045;3.67
275.299;3.055;3.67
275.398;3.05;3.675
275.498;3.05;3.675
275.6;3.045;3.675
275.699;3.035;3.675
275.798;3.015;3.675
275.899;2.985;3.675
275.998;2.955;3.675
276.1;2.91;3.675
276.198;2.845;3.675
276.298;2.81;3.68
276.399;2.765;3.68
276.498;2.71;3.68
276.599;2.675;3.68
276.699;2.645;3.68
276.799;2.615;3.68
276.899;2.6;3.68
276.998;2.59;3.685
277.099;2.58;3.68
277.198;2.595;3.68
277.298;2.615;3.685
277.398;2.63;3.685
277.499;2.65;3.685
277.599;2.665;3.685
277.699;2.7;3.69
277.799;2.73;3.685
277.9;2.745;3.69
278;2.77;3.69
278.099;2.78;3.69
278.198;2.79;3.69
278.299;2.79;3.69
278.4;2.8;3.69
278.499;2.81;3.695
278.598;2.82;3.695
278.698;2.82;3.695
278.799;2.84;3.695
278.898;2.845;3.695
278.999;2.85;3.7
279.099;2.85;3.695
279.2;2.855;3.7
279.298;2.865;3.7
279.4;2.87;3.7
279.499;2.865;3.7
279.599;2.87;3.7
279.699;2.875;3.7
279.799;2.87;3.705
279.899;2.875;3.7
279.999;2.88;3.7
280.099;2.895;3.705
280.198;2.91;3.705
280.298;2.915;3.705
280.399;2.925;3.71
280.498;2.94;3.71
280.598;2.95;3.71
280.698;2.975;3.71
280.8;2.99;3.71
280.898;3.005;3.715
280.999;3.01;3.71
281.099;3.035;3.715
281.199;3.045;3.715
281.299;3.04;3.715
281.399;3.045;3.71
281.499;3.06;3.71
281.599;3.065;3.71
281.698;3.06;3.715
281.8;3.055;3.715
281.899;3.04;3.72
282;3;3.715
282.098;2.96;3.715
282.198;2.92;3.715
282.298;2.87;3.72
282.399;2.82;3.72
282.499;2.765;3.725
282.598;2.725;3.72
282.698;2.685;3.72
282.8;2.655;3.725
282.899;2.62;3.725
282.999;2.6;3.725
283.098;2.59;3.72
283.198;2.605;3.725
283.298;2.605;3.73
283.4;2.62;3.73
283.498;2.635;3.73
283.598;2.655;3.73
283.699;2.67;3.725
283.798;2.695;3.73
283.898;2.72;3.73
283.999;2.74;3.735
284.098;2.765;3.735
284.199;2.775;3.73
284.298;2.79;3.735
284.4;2.8;3.73
284.5;2.81;3.73
284.6;2.825;3.735
284.699;2.84;3.735
284.798;2.845;3.74
284.899;2.855;3.735
284.999;2.87;3.74
285.099;2.875;3.74
285.198;2.875;3.74
285.299;2.875;3.74
285.4;2.87;3.74
285.499;2.88;3.74
285.599;2.9;3.745
285.699;2.915;3.745
285.8;2.93;3.74
285.899;2.955;3.745
285.998;2.97;3.745
286.099;2.985;3.745
286.198;3.005;3.745
286.299;3.02;3.745
286.398;3.04;3.75
286.498;3.035;3.745
286.598;3.06;3.75
286.698;3.065;3.745
286.798;3.065;3.75
286.9;3.065;3.75
287;3.055;3.75
287.099;3.025;3.75
287.199;3.005;3.755
287.299;2.98;3.75
287.398;2.955;3.75
287.498;2.88;3.755
287.598;2.83;3.755
287.699;2.76;3.75
287.798;2.71;3.755
287.898;2.68;3.75
287.998;2.645;3.76
288.1;2.61;3.76
288.198;2.605;3.76
288.298;2.61;3.76
288.398;2.61;3.76
288.5;2.615;3.76
288.598;2.635;3.76
288.698;2.66;3.765
288.799;2.675;3.765
288.899;2.69;3.76
288.998;2.705;3.765
289.099;2.73;3.765
289.198;2.74;3.765
289.299;2.745;3.765
289.398;2.755;3.765
289.5;2.77;3.765
289.599;2.785;3.77
289.698;2.79;3.765
289.799;2.785;3.77
289.899;2.795;3.77
289.999;2.81;3.77
290.099;2.81;3.775
290.199;2.82;3.775
290.299;2.835;3.775
290.398;2.835;3.775
290.499;2.845;3.77
290.598;2.855;3.775
290.699;2.865;3.77
290.798;2.87;3.775
290.898;2.87;3.775
291;2.87;3.775
291.1;2.87;3.775
291.199;2.875;3.78
291.298;2.89;3.775
291.398;2.9;3.78
291.498;2.925;3.78
291.598;2.925;3.78
291.698;2.94;3.78
291.799;2.97;3.78
291.898;2.965;3.78
292;2.98;3.78
292.099;3;3.78
292.199;3.005;3.78
292.299;3.035;3.785
292.399;3.04;3.785
292.5;3.05;3.785
292.599;3.05;3.78
292.699;3.055;3.785
292.799;3.065;3.785
292.899;3.055;3.785
292.999;3.06;3.79
293.099;3.065;3.79
293.199;3.05;3.79
293.298;3.04;3.79
293.399;3.02;3.795
293.498;2.98;3.79
293.598;2.945;3.795
293.699;2.895;3.79
293.798;2.85;3.795
293.898;2.785;3.795
293.998;2.735;3.795
294.099;2.685;3.795
294.198;2.66;3.795
294.301;2.635;3.795
294.398;2.61;3.8
294.498;2.605;3.795
294.598;2.6;3.795
294.699;2.62;3.8
294.799;2.62;3.8
294.898;2.635;3.8
294.999;2.66;3.8
295.098;2.675;3.8
295.199;2.685;3.8
295.299;2.705;3.805
295.399;2.73;3.8
295.498;2.745;3.805
295.598;2.765;3.805
295.699;2.77;3.81
295.798;2.78;3.81
295.899;2.79;3.805
295.998;2.785;3.805
296.098;2.79;3.805
296.199;2.805;3.81
296.298;2.81;3.805
296.399;2.81;3.805
296.499;2.83;3.81
296.599;2.83;3.805
296.698;2.84;3.815
296.798;2.855;3.815
296.899;2.86;3.81
296.999;2.865;3.81
297.099;2.865;3.815
297.199;2.875;3.81
297.298;2.88;3.815
297.399;2.885;3.815
297.498;2.895;3.815
297.599;2.89;3.815
297.698;2.9;3.815
297.799;2.92;3.815
297.899;2.925;3.815
298;2.94;3.82
298.098;2.95;3.82
298.199;2.97;3.82
298.298;2.99;3.82
298.398;2.995;3.82
298.498;3;3.82
298.598;3.005;3.82
298.699;3.015;3.82
298.798;3.035;3.82
298.898;3.035;3.82
299;3.045;3.825
299.098;3.05;3.825
299.199;3.065;3.825
299.299;3.05;3.825
299.399;3.04;3.83
299.498;3.05;3.825
299.599;3.02;3.83
299.698;3.02;3.825
299.798;2.97;3.825
299.898;2.97;3.83
299.998;2.935;3.83
300.099;2.82;3.83
300.199;2.77;3.83
300.299;2.72;3.835
300.398;2.72;3.83
300.5;2.635;3.83
300.599;2.635;3.835
300.699;2.615;3.835
300.798;2.615;3.835
300.899;2.6;3.84
300.999;2.6;3.835
301.098;2.6;3.84
301.199;2.59;3.84
301.299;2.62;3.84
301.398;2.62;3.84
301.498;2.625;3.84
301.599;2.64;3.84
301.698;2.665;3.84
301.799;2.685;3.84
301.899;2.705;3.845
301.999;2.725;3.845
302.099;2.73;3.84
302.199;2.745;3.845
302.298;2.755;3.845
302.398;2.76;3.845
302.498;2.78;3.845
302.599;2.775;3.845
302.698;2.79;3.85
302.798;2.795;3.85
302.899;2.795;3.85
302.999;2.805;3.845
303.098;2.815;3.85
303.198;2.81;3.85
303.298;2.82;3.85
303.399;2.825;3.85
303.498;2.845;3.855
303.599;2.84;3.85
303.698;2.865;3.85
303.799;2.85;3.855
303.899;2.87;3.85
303.998;2.87;3.85
304.1;2.89;3.855
304.198;2.885;3.855
304.3;2.885;3.86
304.4;2.875;3.855
304.499;2.9;3.86
304.599;2.885;3.86
304.699;2.91;3.86
304.799;2.915;3.855
304.899;2.925;3.86
304.998;2.94;3.86
305.099;2.935;3.86
305.198;2.975;3.86
305.299;2.955;3.86
305.398;2.97;3.86
305.499;3.01;3.86
305.599;2.99;3.86
305.699;3.035;3.865
305.799;3.025;3.865
305.899;3.03;3.86
305.999;3.035;3.865
306.098;3.02;3.865
306.199;3.05;3.865
306.299;3.065;3.87
306.398;3.07;3.87
306.499;3.07;3.865
306.599;3.06;3.865
306.698;3.075;3.865
306.798;3.065;3.87
306.899;3.05;3.865
306.999;3.025;3.865
307.099;3.015;3.87
307.199;3;3.87
307.298;2.985;3.875
307.399;2.94;3.875
307.498;2.885;3.87
307.598;2.84;3.87
307.699;2.795;3.87
307.8;2.74;3.875
307.899;2.69;3.875
307.998;2.65;3.87
308.098;2.645;3.875
308.198;2.625;3.875
308.298;2.605;3.88
308.398;2.6;3.875
308.499;2.59;3.875
308.599;2.605;3.88
308.699;2.61;3.875
308.798;2.62;3.88
308.899;2.635;3.88
308.998;2.65;3.88
309.098;2.665;3.885
309.198;2.67;3.885
309.298;2.685;3.88
309.398;2.7;3.885
309.499;2.725;3.88
309.599;2.72;3.885
309.698;2.75;3.885
309.799;2.745;3.88
309.899;2.78;3.885
310;2.77;3.885
310.099;2.79;3.885
310.199;2.795;3.885
310.298;2.805;3.89
310.399;2.805;3.885
310.5;2.805;3.89
310.6;2.815;3.89
310.699;2.805;3.89
310.799;2.825;3.89
310.899;2.83;3.885
310.999;2.84;3.89
311.098;2.85;3.89
311.199;2.855;3.895
311.299;2.86;3.89
311.399;2.865;3.89
311.499;2.88;3.895
311.598;2.865;3.895
311.698;2.88;3.895
311.799;2.875;3.89
311.899;2.875;3.89
312;2.87;3.895
312.099;2.87;3.895
312.199;2.88;3.9
312.299;2.895;3.9
312.399;2.91;3.895
312.499;2.91;3.9
312.599;2.925;3.9
312.699;2.945;3.895
312.799;2.94;3.895
312.899;2.965;3.9
312.998;2.975;3.9
313.098;2.995;3.9
313.199;3;3.9
313.298;3.005;3.9
313.398;3.015;3.9
313.499;3.025;3.905
313.6;3.04;3.9
313.699;3.05;3.905
313.8;3.055;3.905
313.9;3.055;3.905
313.999;3.055;3.905
314.099;3.05;3.905
314.199;3.055;3.91
314.298;3.06;3.91
314.4;3.065;3.905
314.5;3.08;3.91
314.599;3.07;3.91
314.7;3.07;3.905
314.799;3.065;3.91
314.899;3.055;3.91
314.999;3.025;3.905
315.099;3.015;3.915
315.198;2.985;3.915
315.298;2.95;3.915
315.398;2.915;3.915
315.499;2.855;3.915
315.598;2.805;3.915
315.699;2.755;3.915
315.8;2.73;3.915
315.9;2.685;3.91
316;2.655;3.91
316.099;2.63;3.915
316.199;2.63;3.915
316.298;2.615;3.915
316.398;2.61;3.915
316.499;2.6;3.915
316.6;2.6;3.915
316.699;2.6;3.915
316.799;2.61;3.92
316.9;2.615;3.915
317;2.63;3.915
317.1;2.65;3.92
317.2;2.66;3.92
317.299;2.675;3.92
317.4;2.685;3.92
317.498;2.71;3.92
317.6;2.735;3.925
317.699;2.74;3.92
317.798;2.745;3.92
317.899;2.76;3.92
317.999;2.77;3.925
318.1;2.78;3.925
318.198;2.795;3.925
318.298;2.8;3.925
318.399;2.805;3.925
318.499;2.81;3.925
318.599;2.81;3.925
318.699;2.81;3.925
318.799;2.815;3.925
318.9;2.82;3.93
319;2.83;3.925
319.1;2.835;3.93
319.2;2.835;3.925
319.299;2.845;3.93
319.4;2.85;3.93
319.5;2.845;3.93
319.6;2.85;3.93
319.7;2.845;3.93
319.799;2.855;3.93
319.9;2.87;3.935
320;2.86;3.935
320.099;2.875;3.935
320.2;2.865;3.93
320.3;2.875;3.935
320.399;2.885;3.935
320.5;2.88;3.935
320.6;2.865;3.935
320.699;2.87;3.935
320.798;2.86;3.935
320.9;2.87;3.935
321;2.9;3.935
321.1;2.91;3.94
321.2;2.925;3.935
321.3;2.94;3.94
321.399;2.95;3.94
321.5;2.97;3.94
321.6;2.97;3.94
321.699;3;3.945
321.8;3.025;3.94
321.9;3.025;3.94
322;3.05;3.945
322.099;3.05;3.94
322.199;3.055;3.945
322.298;3.06;3.94
322.4;3.055;3.945
322.499;3.05;3.94
322.6;3.065;3.945
322.7;3.06;3.945
322.799;3.07;3.945
322.899;3.065;3.945
323;3.05;3.945
323.099;3.06;3.95
323.199;3.04;3.945
323.3;3.015;3.95
323.4;2.985;3.945
323.498;2.955;3.945
323.6;2.93;3.95
323.7;2.88;3.95
323.8;2.825;3.95
323.9;2.785;3.95
324;2.765;3.95
324.099;2.74;3.95
324.199;2.725;3.955
324.299;2.7;3.955
324.4;2.67;3.955
324.5;2.63;3.95
324.599;2.62;3.95
324.7;2.6;3.955
324.799;2.59;3.955
324.9;2.595;3.955
325;2.585;3.955
325.1;2.595;3.955
325.2;2.605;3.955
325.3;2.61;3.955
325.398;2.615;3.96
325.5;2.615;3.955
325.599;2.635;3.96
325.7;2.64;3.96
325.8;2.655;3.96
325.9;2.66;3.955
326;2.675;3.955
326.1;2.7;3.96
326.2;2.705;3.96
326.3;2.725;3.96
326.399;2.735;3.96
326.499;2.74;3.96
326.6;2.735;3.965
326.699;2.735;3.965
326.798;2.73;3.965
326.899;2.735;3.96
326.999;2.74;3.96
327.099;2.755;3.965
327.2;2.755;3.965
327.299;2.755;3.96
327.399;2.765;3.965
327.5;2.765;3.965
327.6;2.79;3.965
327.699;2.79;3.965
327.798;2.795;3.965
327.9;2.805;3.965
328;2.82;3.965
328.098;2.82;3.965
328.2;2.825;3.965
328.299;2.83;3.965
328.399;2.84;3.97
328.499;2.855;3.97
328.6;2.855;3.97
328.7;2.845;3.97
328.799;2.85;3.965
328.898;2.855;3.965
329;2.865;3.975
329.099;2.865;3.97
329.2;2.875;3.97
329.299;2.87;3.97
329.399;2.87;3.97
329.499;2.875;3.975
329.6;2.88;3.975
329.7;2.875;3.975
329.8;2.9;3.975
329.9;2.905;3.97
330;2.915;3.975
330.1;2.935;3.975
330.198;2.93;3.975
330.3;2.94;3.975
330.4;2.94;3.98
330.498;2.955;3.98
330.6;2.965;3.98
330.699;2.985;3.98
330.799;3.005;3.975
330.899;3.03;3.975
330.999;3.045;3.975
331.1;3.055;3.98
331.199;3.05;3.98
331.299;3.05;3.975
331.398;3.065;3.98
331.5;3.07;3.98
331.6;3.06;3.985
331.7;3.07;3.98
331.799;3.07;3.985
331.899;3.065;3.985
332;3.05;3.98
332.1;3.045;3.98
332.199;3.065;3.985
332.3;3.055;3.98
332.4;3.065;3.985
332.5;3.055;3.985
332.599;3.045;3.985
332.698;3.065;3.985
332.799;3.045;3.985
332.9;3.04;3.985
333;3.03;3.985
333.1;3.03;3.99
333.2;3.03;3.985
333.299;3.005;3.985
333.399;2.985;3.99
333.5;2.96;3.99
333.6;2.93;3.99
333.699;2.9;3.99
333.799;2.88;3.985
333.899;2.885;3.985
334;2.87;3.995
334.099;2.835;3.99
334.199;2.8;3.99
334.299;2.775;3.99
334.4;2.74;3.99
334.5;2.72;3.99
334.6;2.7;3.995
334.699;2.63;3.995
334.8;2.595;3.99
334.9;2.635;3.995
334.999;2.685;3.995
335.099;2.71;3.995
335.199;2.715;3.995
335.3;2.705;3.995
335.399;2.715;3.995
335.5;2.72;3.995
335.6;2.73;4
335.7;2.74;4
335.8;2.755;3.995
335.898;2.775;4
336;2.795;4
336.1;2.8;4
336.2;2.795;3.995
336.299;2.795;4
336.399;2.78;3.995
336.5;2.795;4
336.599;2.805;4
336.699;2.805;4
336.798;2.81;4
336.898;2.805;4
336.999;2.81;4
337.1;2.815;4.005
337.2;2.82;4.005
337.298;2.82;4.005
337.399;2.82;4.005
337.498;2.83;4.005
337.6;2.845;4.005
337.7;2.84;4.005
337.799;2.845;4.005
337.9;2.845;4
337.999;2.86;4.005
338.099;2.865;4.005
338.2;2.86;4.005
338.299;2.87;4.01
338.4;2.875;4.01
338.499;2.875;4.01
338.599;2.875;4.01
338.698;2.86;4.005
338.799;2.87;4.01
338.901;2.88;4.01
338.998;2.885;4.01
339.1;2.91;4.01
339.199;2.905;4.005
339.299;2.915;4.01
339.4;2.93;4.01
339.5;2.925;4.01
339.599;2.94;4.015
339.699;2.935;4.015
339.8;2.95;4.015
339.9;2.98;4.015
340;2.97;4.015
340.1;2.975;4.01
340.199;2.975;4.015
340.299;2.98;4.015
340.399;2.98;4.015
340.499;2.995;4.015
340.598;3.02;4.01
340.7;3.02;4.015
340.799;3.025;4.015
340.898;3.03;4.015
341;3.035;4.015
341.099;3.045;4.02
341.198;3.05;4.015
341.299;3.06;4.02
341.4;3.06;4.02
341.498;3.055;4.02
341.599;3.06;4.02
341.699;3.06;4.015
341.8;3.065;4.02
341.9;3.055;4.015
341.999;3.055;4.02
342.099;3.065;4.02
342.2;3.065;4.02
342.3;3.06;4.02
342.399;3.06;4.025
342.498;3.055;4.02
342.6;3.005;4.02
342.7;2.93;4.025
342.799;2.89;4.02
342.899;2.86;4.02
342.999;2.84;4.025
343.1;2.845;4.02
343.199;2.87;4.02
343.299;2.865;4.025
343.399;2.84;4.025
343.5;2.835;4.025
343.6;2.805;4.025
343.7;2.77;4.025
343.798;2.7;4.025
343.9;2.65;4.025
343.999;2.605;4.025
344.1;2.6;4.025
344.2;2.595;4.025
344.299;2.6;4.025
344.4;2.6;4.03
344.499;2.6;4.03
344.599;2.605;4.025
344.699;2.615;4.025
344.8;2.62;4.025
344.898;2.635;4.03
345;2.64;4.03
345.1;2.645;4.03
345.199;2.63;4.025
345.3;2.63;4.03
345.399;2.63;4.03
345.5;2.635;4.03
345.599;2.65;4.03
345.7;2.655;4.035
345.799;2.67;4.03
345.899;2.69;4.035
345.999;2.71;4.035
346.099;2.725;4.035
346.199;2.735;4.03
346.3;2.76;4.035
346.398;2.765;4.035
346.5;2.79;4.035
346.599;2.795;4.035
346.7;2.805;4.035
346.799;2.8;4.035
346.9;2.805;4.035
346.999;2.8;4.035
347.099;2.81;4.035
347.199;2.81;4.035
347.3;2.815;4.04
347.399;2.815;4.035
347.498;2.83;4.04
347.6;2.815;4.035
347.699;2.82;4.035
347.8;2.815;4.035
347.898;2.815;4.035
348;2.83;4.04
348.099;2.83;4.04
348.2;2.845;4.04
348.298;2.835;4.04
348.4;2.835;4.04
348.5;2.845;4.04
348.6;2.835;4.04
348.699;2.85;4.04
348.801;2.86;4.045
348.9;2.865;4.045
348.998;2.865;4.04
349.1;2.86;4.045
349.199;2.87;4.045
349.3;2.87;4.04
349.398;2.875;4.045
349.5;2.88;4.04
349.599;2.89;4.045
349.7;2.885;4.045
349.8;2.865;4.045
349.899;2.88;4.045
349.999;2.885;4.045
350.099;2.89;4.045
350.199;2.89;4.05
350.298;2.9;4.045
350.399;2.925;4.045
350.5;2.91;4.045
350.599;2.91;4.045
350.699;2.905;4.05
350.8;2.925;4.045
350.9;2.935;4.045
350.999;2.945;4.045
351.1;2.955;4.05
351.199;2.97;4.05
351.3;2.965;4.045
351.4;2.975;4.05
351.499;2.98;4.045
351.599;2.995;4.05
351.698;3.005;4.05
351.8;3.015;4.05
351.9;3.025;4.055
352;3.015;4.055
352.1;3.025;4.05
352.199;3.045;4.05
352.299;3.05;4.05
352.399;3.04;4.055
352.5;3.05;4.055
352.599;3.055;4.055
352.699;3.06;4.05
352.799;3.075;4.055
352.899;3.065;4.055
352.999;3.03;4.05
353.1;3.04;4.055
353.198;3.01;4.06
353.299;3.06;4.06
353.399;3.065;4.06
353.5;3.045;4.055
353.599;3.05;4.06
353.699;3.06;4.06
353.8;3.06;4.06
353.899;3.045;4.06
353.999;3.025;4.055
354.1;3.025;4.055
354.199;3;4.06
354.3;3.015;4.055
354.399;3;4.06
354.499;2.985;4.06
354.6;2.96;4.06
354.698;2.945;4.06
354.8;2.9;4.06
354.899;2.885;4.06
355;2.865;4.06
355.099;2.825;4.06
355.198;2.81;4.06
355.3;2.785;4.06
355.4;2.765;4.06
355.5;2.735;4.065
355.599;2.71;4.065
355.7;2.7;4.06
355.799;2.695;4.065
355.9;2.67;4.065
355.999;2.655;4.06
356.099;2.66;4.06
356.2;2.63;4.065
356.3;2.64;4.06
356.398;2.615;4.065
356.499;2.6;4.06
356.599;2.615;4.065
356.699;2.595;4.065
356.8;2.605;4.065
356.899;2.595;4.065
357;2.635;4.065
357.099;2.61;4.065
357.199;2.625;4.065
357.3;2.63;4.065
357.4;2.63;4.07
357.499;2.635;4.065
357.6;2.665;4.065
357.699;2.675;4.065
357.799;2.66;4.07
357.9;2.665;4.065
357.999;2.665;4.07
358.099;2.68;4.065
358.199;2.695;4.07
358.3;2.695;4.065
358.399;2.705;4.07
358.499;2.72;4.07
358.599;2.73;4.07
358.699;2.74;4.07
358.8;2.75;4.075
358.9;2.77;4.07
359;2.775;4.075
359.099;2.77;4.07
359.2;2.795;4.07
359.299;2.81;4.075
359.4;2.805;4.075
359.499;2.81;4.075
359.599;2.815;4.07
359.7;2.825;4.075
359.8;2.815;4.075
359.899;2.82;4.075
360;2.82;4.075
360.098;2.825;4.08
360.199;2.825;4.075
360.3;2.83;4.075
360.399;2.825;4.075
360.5;2.825;4.075
360.599;2.84;4.075
360.7;2.835;4.075
360.8;2.845;4.08
360.899;2.845;4.08
360.998;2.835;4.075
361.099;2.85;4.075
361.199;2.85;4.08
361.299;2.855;4.08
361.4;2.855;4.075
361.498;2.855;4.08
361.6;2.86;4.075
361.699;2.865;4.075
361.799;2.86;4.08
361.9;2.865;4.08
362;2.865;4.08
362.098;2.86;4.08
362.199;2.865;4.08
362.3;2.87;4.08
362.399;2.875;4.08
362.499;2.88;4.08
362.599;2.88;4.08
362.699;2.86;4.08
362.8;2.86;4.08
362.899;2.87;4.085
362.999;2.875;4.085
363.1;2.87;4.08
363.2;2.875;4.08
363.299;2.875;4.08
363.4;2.875;4.08
363.5;2.87;4.08
363.599;2.865;4.08
363.699;2.88;4.085
363.8;2.88;4.085
363.898;2.87;4.08
364;2.905;4.085
364.099;2.895;4.085
364.2;2.895;4.08
364.298;2.885;4.08
364.4;2.895;4.09
364.499;2.92;4.09
364.6;2.915;4.085
364.699;2.92;4.085
364.798;2.935;4.085
364.9;2.95;4.085
364.999;2.95;4.09
365.099;2.965;4.085
365.2;2.95;4.09
365.3;2.965;4.085
365.399;2.97;4.09
365.499;2.97;4.085
365.598;3;4.09
365.7;3;4.09
365.799;3.01;4.09
365.9;3.02;4.09
365.999;3.015;4.09
366.099;3.025;4.095
366.2;3.03;4.09
366.3;3.04;4.09
366.399;3.04;4.09
366.5;3.045;4.095
366.6;3.055;4.09
366.699;3.055;4.095
366.799;3.055;4.09
366.899;3.05;4.09
366.999;3.07;4.09
367.1;3.065;4.095
367.2;3.06;4.09
367.3;3.065;4.09
367.399;3.07;4.095
367.499;3.065;4.095
367.6;3.065;4.09
367.699;3.07;4.09
367.799;3.07;4.09
367.899;3.07;4.09
367.998;3.07;4.095
368.1;3.065;4.09
368.199;3.07;4.1
368.3;3.05;4.095
368.4;3.065;4.095
368.499;3.04;4.095
368.599;3.035;4.095
368.699;3.03;4.1
368.798;3.02;4.1
368.9;3;4.095
369;2.995;4.095
369.099;2.97;4.1
369.2;2.95;4.095
369.3;2.925;4.1
369.4;2.91;4.1
369.499;2.88;4.1
369.599;2.86;4.1
369.699;2.835;4.1
369.8;2.8;4.1
369.899;2.815;4.1
369.999;2.765;4.1
370.099;2.74;4.1
370.2;2.705;4.1
370.3;2.69;4.1
370.399;2.67;4.105
370.5;2.66;4.1
370.6;2.65;4.1
370.699;2.625;4.1
370.799;2.62;4.1
370.9;2.615;4.1
371;2.6;4.1
371.1;2.595;4.1
371.2;2.605;4.105
371.299;2.61;4.1
371.4;2.61;4.105
371.498;2.615;4.105
371.6;2.615;4.105
371.699;2.625;4.105
371.8;2.645;4.11
371.899;2.645;4.105
371.999;2.655;4.105
372.099;2.66;4.105
372.2;2.67;4.105
372.3;2.68;4.105
372.4;2.685;4.11
372.5;2.695;4.105
372.599;2.72;4.105
372.7;2.735;4.11
372.8;2.74;4.11
372.899;2.745;4.105
373;2.76;4.11
373.099;2.78;4.11
373.2;2.78;4.11
373.299;2.795;4.11
373.4;2.79;4.11
373.499;2.795;4.11
373.6;2.815;4.11
373.7;2.815;4.115
373.799;2.8;4.11
373.899;2.82;4.11
373.999;2.815;4.115
374.1;2.815;4.11
374.199;2.83;4.115
374.3;2.83;4.115
374.4;2.83;4.115
374.499;2.835;4.11
374.599;2.845;4.115
374.7;2.84;4.115
374.8;2.83;4.115
374.9;2.84;4.11
375;2.845;4.115
375.099;2.845;4.115
375.198;2.85;4.115
375.3;2.845;4.115
375.4;2.845;4.115
375.498;2.85;4.115
375.601;2.865;4.115
375.7;2.865;4.115
375.798;2.86;4.12
375.9;2.86;4.115
376;2.865;4.115
376.099;2.86;4.115
376.199;2.87;4.12
376.299;2.88;4.115
376.399;2.88;4.12
376.498;2.875;4.12
376.6;2.875;4.12
376.698;2.875;4.12
376.799;2.87;4.12
376.9;2.88;4.12
376.999;2.885;4.12
377.1;2.895;4.12
377.2;2.89;4.125
377.299;2.88;4.125
377.4;2.875;4.12
377.499;2.89;4.125
377.598;2.88;4.12
377.699;2.885;4.125
377.8;2.905;4.12
377.9;2.915;4.125
378;2.915;4.125
378.098;2.915;4.12
378.199;2.91;4.125
378.3;2.925;4.12
378.399;2.925;4.125
378.498;2.935;4.125
378.599;2.945;4.125
378.699;2.96;4.13
378.799;2.98;4.125
378.899;2.975;4.125
378.999;2.98;4.13
379.099;2.985;4.13
379.199;2.985;4.125
379.298;2.995;4.125
379.399;3;4.13
379.5;3.015;4.125
379.599;3.045;4.13
379.699;3.045;4.125
379.798;3.04;4.13
379.899;3.045;4.125
379.999;3.045;4.13
380.1;3.05;4.13
380.199;3.05;4.13
380.299;3.055;4.135
380.399;3.055;4.13
380.498;3.075;4.135
380.599;3.065;4.135
380.699;3.065;4.135
380.798;3.055;4.135
380.899;3.065;4.13
380.999;3.08;4.135
381.099;3.065;4.135
381.199;3.07;4.13
381.299;3.07;4.13
381.4;3.07;4.135
381.499;3.06;4.13
381.599;3.055;4.13
381.7;3.045;4.135
381.799;3.035;4.135
381.899;3.015;4.135
382;2.99;4.135
382.099;2.975;4.135
382.199;2.96;4.135
382.299;2.925;4.135
382.399;2.91;4.135
382.499;2.875;4.14
382.599;2.88;4.14
382.7;2.845;4.14
382.799;2.82;4.14
382.899;2.8;4.14
383;2.78;4.14
383.099;2.775;4.14
383.2;2.74;4.14
383.299;2.72;4.14
383.399;2.695;4.145
383.499;2.68;4.145
383.6;2.65;4.145
383.699;2.635;4.145
383.799;2.62;4.145
383.899;2.615;4.145
384;2.615;4.145
384.098;2.6;4.145
384.199;2.59;4.145
384.3;2.6;4.15
384.399;2.6;4.15
384.499;2.595;4.145
384.599;2.61;4.15
384.7;2.615;4.145
384.799;2.62;4.15
384.899;2.62;4.145
384.998;2.63;4.15
385.099;2.62;4.145
385.199;2.64;4.145
385.299;2.655;4.15
385.399;2.675;4.155
385.499;2.695;4.155
385.599;2.705;4.145
385.699;2.725;4.155
385.799;2.735;4.15
385.899;2.75;4.15
386;2.76;4.155
386.099;2.775;4.155
386.2;2.775;4.15
386.299;2.79;4.155
386.399;2.785;4.15
386.499;2.795;4.155
386.599;2.81;4.155
386.699;2.8;4.155
386.799;2.825;4.155
386.899;2.83;4.155
386.999;2.83;4.155
387.099;2.835;4.155
387.2;2.835;4.16
387.299;2.84;4.16
387.4;2.845;4.155
387.499;2.85;4.16
387.599;2.85;4.155
387.699;2.865;4.16
387.799;2.85;4.16
387.899;2.86;4.155
387.999;2.86;4.16
388.099;2.855;4.155
388.199;2.86;4.16
388.299;2.865;4.155
388.399;2.86;4.16
388.499;2.865;4.16
388.599;2.865;4.16
388.699;2.86;4.16
388.799;2.865;4.155
388.899;2.87;4.16
388.999;2.875;4.165
389.099;2.875;4.16
389.199;2.875;4.165
389.298;2.885;4.16
389.399;2.88;4.16
389.5;2.87;4.16
389.599;2.87;4.16
389.699;2.875;4.16
389.799;2.905;4.165
389.899;2.88;4.165
390;2.885;4.165
390.099;2.88;4.165
390.199;2.9;4.165
390.3;2.89;4.17
390.398;2.895;4.17
390.499;2.895;4.165
390.599;2.9;4.17
390.699;2.91;4.165
390.799;2.94;4.17
390.899;2.93;4.165
390.999;2.955;4.17
391.099;2.94;4.17
391.199;2.955;4.17
391.299;2.955;4.17
391.398;2.965;4.175
391.499;2.98;4.175
391.599;2.98;4.17
391.699;2.99;4.17
391.799;3.005;4.17
391.899;3.01;4.17
391.999;3.015;4.175
392.099;3.025;4.17
392.199;3.025;4.17
392.299;3.04;4.175
392.399;3.05;4.175
392.499;3.06;4.175
392.599;3.065;4.175
392.699;3.06;4.175
392.799;3.07;4.175
392.899;3.075;4.175
392.999;3.08;4.175
393.099;3.085;4.175
393.199;3.09;4.175
393.299;3.085;4.175
393.399;3.08;4.18
393.499;3.085;4.18
393.6;3.07;4.18
393.699;3.07;4.18
393.799;3.055;4.18
393.899;3.045;4.185
393.999;3.025;4.18
394.099;3.005;4.18
394.199;2.99;4.185
394.299;2.945;4.18
394.399;2.925;4.185
394.5;2.89;4.18
394.599;2.865;4.185
394.699;2.82;4.185
394.799;2.795;4.185
394.899;2.765;4.185
394.999;2.735;4.185
395.099;2.69;4.185
395.199;2.665;4.185
395.3;2.64;4.185
395.399;2.61;4.185
395.499;2.615;4.185
395.599;2.615;4.19
395.698;2.615;4.185
395.799;2.62;4.19
395.899;2.62;4.185
395.998;2.64;4.19
396.099;2.655;4.19
396.199;2.67;4.185
396.298;2.7;4.19
396.399;2.715;4.185
396.5;2.74;4.19
396.6;2.75;4.19
396.699;2.76;4.19
396.799;2.77;4.185
396.899;2.785;4.19
396.999;2.795;4.195
397.099;2.805;4.195
397.199;2.825;4.195
397.299;2.82;4.19
397.399;2.83;4.195
397.499;2.835;4.195
397.599;2.845;4.195
397.699;2.85;4.195
397.799;2.835;4.195
397.899;2.845;4.2
397.999;2.845;4.2
398.1;2.85;4.2
398.199;2.85;4.2
398.299;2.855;4.2
398.399;2.855;4.2
398.498;2.865;4.2
398.599;2.865;4.2
398.699;2.875;4.2
398.8;2.87;4.2
398.899;2.88;4.205
398.999;2.89;4.2
399.099;2.89;4.2
399.199;2.9;4.205
399.3;2.895;4.205
399.4;2.9;4.205
399.499;2.9;4.205
399.599;2.92;4.205
399.699;2.935;4.205
399.8;2.93;4.205
399.899;2.94;4.205
399.999;2.945;4.205
400.099;2.945;4.205
400.199;2.955;4.205
400.299;2.95;4.205
400.4;2.975;4.21
400.499;2.99;4.21
400.599;2.995;4.205
400.7;3.01;4.21
400.799;3.005;4.21
400.899;3.015;4.21
400.999;3.01;4.21
401.099;3.025;4.21
401.2;3.035;4.215
401.299;3.04;4.215
401.399;3.055;4.215
401.499;3.065;4.21
401.599;3.08;4.21
401.7;3.075;4.21
401.8;3.08;4.215
401.899;3.08;4.21
401.999;3.09;4.215
402.1;3.075;4.215
402.199;3.065;4.22
402.299;3.065;4.22
402.399;3.07;4.22
402.499;3.045;4.22
402.599;3.015;4.215
402.699;2.99;4.215
402.799;2.985;4.22
402.899;2.92;4.22
402.999;2.835;4.22
403.099;2.75;4.22
403.199;2.765;4.22
403.299;2.76;4.22
403.399;2.77;4.225
403.5;2.78;4.225
403.599;2.785;4.225
403.699;2.75;4.225
403.799;2.71;4.225
403.899;2.67;4.225
403.999;2.655;4.225
404.099;2.65;4.225
404.199;2.645;4.23
404.299;2.625;4.23
404.4;2.62;4.225
404.499;2.605;4.225
404.599;2.605;4.23
404.699;2.625;4.23
404.799;2.625;4.23
404.9;2.63;4.23
404.999;2.62;4.225
405.1;2.64;4.23
405.199;2.655;4.23
405.299;2.67;4.23
405.399;2.69;4.23
405.499;2.71;4.23
405.599;2.73;4.23
405.699;2.75;4.23
405.8;2.77;4.235
405.899;2.78;4.235
405.999;2.795;4.23
406.1;2.805;4.23
406.199;2.81;4.235
406.299;2.81;4.23
406.4;2.815;4.24
406.499;2.825;4.235
406.6;2.82;4.24
406.699;2.825;4.235
406.799;2.835;4.24
406.899;2.84;4.235
406.999;2.845;4.24
407.099;2.85;4.24
407.199;2.855;4.24
407.299;2.86;4.24
407.399;2.855;4.24
407.5;2.855;4.24
407.6;2.85;4.24
407.699;2.855;4.24
407.799;2.865;4.245
407.899;2.87;4.245
408;2.87;4.245
408.098;2.865;4.24
408.199;2.865;4.24
408.299;2.865;4.24
408.399;2.87;4.245
408.499;2.88;4.245
408.6;2.88;4.24
408.698;2.895;4.24
408.799;2.91;4.245
408.899;2.905;4.245
408.999;2.915;4.245
409.099;2.905;4.245
409.2;2.925;4.25
409.299;2.915;4.245
409.4;2.93;4.245
409.5;2.94;4.245
409.6;2.95;4.25
409.699;2.965;4.25
409.799;2.97;4.245
409.9;2.985;4.245
409.999;2.99;4.25
410.099;3.005;4.255
410.199;3.02;4.25
410.299;3.015;4.255
410.399;3.035;4.255
410.5;3.04;4.25
410.599;3.05;4.255
410.699;3.05;4.25
410.8;3.055;4.255
410.899;3.06;4.255
410.999;3.05;4.255
411.099;3.055;4.255
411.199;3.055;4.255
411.299;3.065;4.255
411.399;3.06;4.255
411.499;3.065;4.255
411.599;3.065;4.255
411.699;3.07;4.255
411.798;3.065;4.255
411.899;3.055;4.255
411.999;3.045;4.255
412.1;3.045;4.255
412.198;3.02;4.255
412.299;2.995;4.25
412.399;2.97;4.25
412.499;2.955;4.25
412.599;2.94;4.255
412.7;2.905;4.255
412.799;2.87;4.255
412.9;2.84;4.255
413;2.82;4.26
413.099;2.79;4.26
413.199;2.76;4.255
413.299;2.735;4.255
413.399;2.705;4.26
413.498;2.68;4.26
413.599;2.645;4.26
413.699;2.63;4.26
413.8;2.625;4.26
413.9;2.615;4.255
413.999;2.61;4.26
414.099;2.615;4.26
414.199;2.61;4.26
414.299;2.605;4.265
414.399;2.605;4.265
414.499;2.605;4.26
414.599;2.605;4.26
414.699;2.605;4.26
414.799;2.605;4.26
414.9;2.605;4.26
414.998;2.615;4.265
415.099;2.62;4.26
415.199;2.63;4.265
415.299;2.625;4.26
415.4;2.635;4.26
415.499;2.645;4.265
415.599;2.665;4.26
415.699;2.65;4.265
415.799;2.645;4.265
415.9;2.655;4.265
416;2.66;4.26
416.099;2.69;4.265
416.199;2.675;4.265
416.299;2.685;4.265
416.4;2.695;4.265
416.5;2.71;4.265
416.599;2.73;4.26
416.699;2.72;4.265
416.8;2.74;4.265
416.899;2.735;4.265
416.999;2.75;4.265
417.099;2.76;4.265
417.199;2.765;4.265
417.299;2.765;4.265
417.399;2.78;4.265
417.499;2.79;4.265
417.6;2.79;4.265
417.699;2.785;4.265
417.799;2.795;4.265
417.899;2.81;4.27
417.999;2.82;4.27
418.099;2.81;4.27
418.199;2.815;4.27
418.299;2.82;4.27
418.399;2.83;4.27
418.499;2.83;4.27
418.599;2.825;4.27
418.699;2.82;4.27
418.8;2.83;4.265
418.899;2.835;4.265
419;2.835;4.275
419.099;2.83;4.275
419.199;2.825;4.275
419.299;2.84;4.27
419.4;2.845;4.27
419.499;2.83;4.27
419.599;2.845;4.27
419.699;2.84;4.275
419.799;2.83;4.27
419.899;2.83;4.27
419.999;2.825;4.27
420.1;2.825;4.27
420.2;2.835;4.275
420.3;2.825;4.27
420.4;2.815;4.275
420.499;2.82;4.27
420.6;2.81;4.27
420.699;2.81;4.27
420.799;2.81;4.27
420.899;2.81;4.275
420.999;2.815;4.27
421.099;2.81;4.275
421.2;2.82;4.27
421.299;2.82;4.275
421.399;2.82;4.27
421.499;2.84;4.27
421.6;2.85;4.275
421.699;2.85;4.275
421.8;2.86;4.27
421.899;2.86;4.275
421.999;2.86;4.275
422.099;2.865;4.275
422.199;2.865;4.27
422.3;2.87;4.275
422.399;2.87;4.275
422.499;2.86;4.275
422.599;2.88;4.275
422.699;2.875;4.275
422.799;2.875;4.275
422.9;2.88;4.275
423;2.875;4.27
423.099;2.885;4.275
423.199;2.875;4.28
423.299;2.88;4.275
423.4;2.865;4.275
423.499;2.885;4.28
423.599;2.885;4.275
423.699;2.89;4.275
423.799;2.88;4.275
423.899;2.875;4.275
424;2.895;4.275
424.099;2.885;4.275
424.199;2.875;4.275
424.299;2.895;4.28
424.399;2.875;4.275
424.5;2.895;4.28
424.6;2.89;4.275
424.7;2.9;4.28
424.799;2.875;4.28
424.899;2.88;4.28
424.999;2.885;4.275
425.099;2.91;4.275
425.199;2.9;4.28
425.3;2.875;4.275
425.399;2.905;4.275
425.499;2.895;4.28
425.6;2.9;4.28
425.7;2.93;4.28
425.799;2.9;4.275
425.9;2.89;4.28
425.999;2.915;4.28
426.1;2.935;4.28
426.199;2.92;4.28
426.3;2.925;4.28
426.399;2.905;4.28
426.499;2.92;4.28
426.599;2.93;4.28
426.699;2.91;4.28
426.8;2.9;4.285
426.9;2.92;4.28
426.999;2.915;4.28
427.099;2.92;4.28
427.199;2.935;4.28
427.3;2.915;4.28
427.4;2.92;4.28
427.499;2.925;4.28
427.6;2.92;4.28
427.699;2.925;4.28
427.8;2.925;4.28
427.899;2.93;4.28
427.999;2.93;4.28
428.099;2.95;4.285
428.199;2.925;4.28
428.299;2.945;4.28
428.399;2.935;4.28
428.499;2.935;4.28
428.599;2.935;4.285
428.699;2.95;4.28
428.8;2.945;4.28
428.899;2.945;4.285
428.999;2.945;4.285
429.099;2.96;4.285
429.199;2.95;4.28
429.299;2.965;4.28
429.399;2.97;4.285
429.5;2.955;4.285
429.599;2.96;4.285
429.699;2.96;4.285
429.799;2.96;4.285
429.899;2.945;4.28
429.999;2.95;4.28
430.1;2.955;4.285
430.199;2.965;4.28
430.299;2.965;4.28
430.399;2.975;4.28
430.499;2.98;4.285
430.599;2.99;4.285
430.699;3;4.285
430.799;2.99;4.285
430.899;3.025;4.285
430.999;3.005;4.285
431.1;3.015;4.285
431.199;3.02;4.285
431.299;3.015;4.285
431.4;3.01;4.28
431.499;3.005;4.28
431.599;3.015;4.285
431.7;3.015;4.285
431.799;2.995;4.285
431.899;2.99;4.29
431.999;3.005;4.285
432.099;2.99;4.285
432.199;3.005;4.285
432.299;2.99;4.285
432.399;2.985;4.29
432.499;2.995;4.285
432.599;2.995;4.285
432.699;3.01;4.29
432.799;3.02;4.285
432.899;3;4.285
432.999;3;4.285
433.099;3.02;4.285
433.2;3.025;4.285
433.3;3.02;4.29
433.4;3.035;4.29
433.499;3.035;4.285
433.599;3.045;4.285
433.699;3.045;4.285
433.8;3.04;4.29
433.899;3.03;4.285
433.999;3.035;4.29
434.1;3.045;4.29
434.2;3.035;4.285
434.299;3.035;4.29
434.399;3.045;4.29
434.499;3.04;4.29
434.599;3.04;4.285
434.7;3.04;4.285
434.8;3.045;4.285
434.899;3.055;4.285
434.999;3.045;4.285
435.1;3.06;4.29
435.2;3.07;4.29
435.299;3.055;4.29
435.399;3.05;4.285
435.499;3.05;4.285
435.599;3.06;4.285
435.7;3.06;4.285
435.799;3.055;4.285
435.9;3.07;4.285
436;3.075;4.285
436.1;3.065;4.29
436.199;3.065;4.285
436.299;3.065;4.29
436.4;3.07;4.29
436.5;3.065;4.29
436.6;3.065;4.29
436.699;3.07;4.285
436.799;3.075;4.29
436.899;3.07;4.29
436.999;3.05;4.285
437.1;3.065;4.29
437.199;3.055;4.29
437.3;3.065;4.285
437.399;3.075;4.29
437.5;3.075;4.285
437.6;3.09;4.29
437.699;3.075;4.285
437.799;3.07;4.285
437.899;3.08;4.285
437.999;3.08;4.29
438.1;3.085;4.29
438.199;3.095;4.29
438.299;3.085;4.285
438.399;3.095;4.29
438.499;3.09;4.29
438.6;3.08;4.285
438.7;3.08;4.285
438.799;3.08;4.285
438.899;3.085;4.29
438.999;3.085;4.29
439.099;3.08;4.29
439.2;3.08;4.285
439.299;3.07;4.285
439.4;3.065;4.285
439.5;3.07;4.29
439.599;3.07;4.29
439.699;3.075;4.285
439.799;3.075;4.285
439.899;3.075;4.29
440;3.08;4.29
440.1;3.085;4.29
440.2;3.065;4.29
440.299;3.08;4.29
440.399;3.075;4.29
440.499;3.07;4.29
440.599;3.07;4.29
440.699;3.08;4.285
440.799;3.08;4.29
440.9;3.08;4.285
440.999;3.08;4.285
441.099;3.08;4.29
441.199;3.075;4.29
441.299;3.075;4.29
441.399;3.08;4.29
441.499;3.085;4.29
441.599;3.09;4.285
441.699;3.08;4.29
441.8;3.085;4.29
441.9;3.075;4.29
441.999;3.08;4.29
442.099;3.08;4.295
442.2;3.09;4.29
442.3;3.09;4.29
442.399;3.07;4.285
442.499;3.085;4.29
442.599;3.075;4.29
442.7;3.08;4.29
442.799;3.07;4.285
442.9;3.08;4.285
442.999;3.09;4.29
443.1;3.085;4.29
443.198;3.075;4.29
443.299;3.075;4.285
443.399;3.065;4.285
443.499;3.08;4.285
443.6;3.065;4.29
443.699;3.065;4.285
443.799;3.075;4.29
443.9;3.07;4.29
443.999;3.075;4.29
444.099;3.075;4.29
444.2;3.07;4.285
444.299;3.07;4.29
444.4;3.07;4.29
444.5;3.065;4.29
444.599;3.065;4.29
444.699;3.06;4.29
444.799;3.05;4.285
444.9;3.06;4.29
444.999;3.055;4.29
445.1;3.07;4.29
445.199;3.04;4.29
445.299;3.045;4.29
445.4;3.05;4.29
445.499;3.05;4.29
445.599;3.065;4.29
445.7;3.06;4.285
445.8;3.02;4.285
445.899;3.045;4.29
446;3.035;4.29
446.099;3.045;4.295
446.2;3.05;4.29
446.299;3.05;4.29
446.399;3.055;4.29
446.499;3.055;4.29
446.599;3.05;4.29
446.699;3.05;4.29
446.799;3.045;4.29
446.899;3.04;4.295
446.999;3.06;4.29
447.099;3.05;4.29
447.199;3.04;4.29
447.299;3.055;4.295
447.4;3.05;4.29
447.499;3.035;4.29
447.6;3.035;4.29
447.699;3.05;4.295
447.799;3.04;4.29
447.9;3.035;4.29
447.999;3.04;4.295
448.1;3.02;4.295
448.2;3.04;4.29
448.3;3.04;4.29
448.4;3.02;4.295
448.5;3.05;4.29
448.6;3.045;4.29
448.699;3.025;4.295
448.799;3.04;4.295
448.899;3.025;4.285
449;3.045;4.29
449.1;3.03;4.295
449.199;3.025;4.29
449.3;3.03;4.295
449.4;3.02;4.29
449.5;3.025;4.295
449.6;3.035;4.295
449.699;3.045;4.295
449.799;3.03;4.29
449.9;3.03;4.295
450;3.04;4.29
450.099;3.015;4.29
450.2;3.025;4.295
450.3;3.015;4.29
450.399;3.015;4.29
450.499;3.02;4.29
450.6;3.03;4.29
450.699;3.025;4.29
450.799;3.01;4.295
450.899;3.025;4.295
450.999;3.015;4.295
451.1;2.99;4.295
451.201;2.985;4.29
451.3;3;4.29
451.399;3.005;4.29
451.5;3.005;4.295
451.6;3.01;4.29
451.7;2.99;4.295
451.8;3;4.295
451.899;3.005;4.295
451.999;2.995;4.29
452.099;3.01;4.29
452.2;2.99;4.29
452.299;2.995;4.29
452.4;3;4.29
452.499;2.99;4.295
452.599;2.985;4.295
452.699;2.98;4.29
452.799;2.99;4.295
452.899;2.99;4.29
452.999;2.98;4.295
453.099;2.985;4.295
453.2;2.975;4.29
453.3;2.98;4.295
453.4;2.98;4.295
453.5;2.965;4.29
453.599;2.97;4.295
453.699;2.975;4.29
453.8;2.98;4.295
453.9;2.995;4.295
453.999;2.98;4.295
454.1;2.99;4.295
454.2;2.985;4.295
454.3;3;4.29
454.401;3.005;4.295
454.499;3.005;4.295
454.599;3.005;4.29
454.7;3.02;4.29
454.799;3.035;4.29
454.899;3.02;4.29
454.999;3.015;4.295
455.1;3.025;4.295
455.199;3.025;4.29
455.299;3.03;4.29
455.399;3.035;4.295
455.499;3.03;4.29
455.599;3.05;4.295
455.699;3.04;4.295
455.799;3.035;4.295
455.9;3.035;4.29
456;3.05;4.295
456.099;3.05;4.295
456.199;3.04;4.29
456.299;3.06;4.295
456.4;3.04;4.29
456.499;3.045;4.29
456.6;3.05;4.29
456.699;3.035;4.29
456.799;3.045;4.29
456.899;3.05;4.295
456.999;3.05;4.295
457.099;3.065;4.295
457.2;3.04;4.29
457.299;3.045;4.29
457.399;3.045;4.295
457.499;3.05;4.29
457.599;3.045;4.29
457.7;3.045;4.29
457.8;3.045;4.29
457.899;3.05;4.29
457.999;3.045;4.29
458.099;3.055;4.295
458.2;3.045;4.295
458.299;3.04;4.295
458.399;3.025;4.29
458.5;3.045;4.295
458.599;3.04;4.29
458.7;3.035;4.29
