Zeit t / s,Spannung U_A1 / V,Weg &b_B1 / rad
0,0.1165,-1.66
0.0988809999999489,0.1555,-2.6
0.200368999999966,0.1505,-3.88
0.29875149999998,0.2195,-5.44
0.397696749999966,0.233,-6.18
0.498887499999967,0.23,-6.2
0.599683999999968,0.236,-6.2
0.698670499999992,0.226,-6.2
0.798628999999949,0.264,-6.48
0.899670249999986,0.2305,-6.8
0.99778225,0.2685,-6.8
1.09777599999995,0.278,-6.8
1.19888899999995,0.251,-6.8
1.29784624999996,0.2735,-6.8
1.4028065,0.27,-6.8
1.49966749999999,0.2865,-6.8
1.59860749999996,0.292,-6.8
1.69750625,0.264,-6.8
1.7975515,0.283,-6.8
1.89767799999998,0.269,-6.8
1.99860749999999,0.284,-6.8
2.09746224999998,0.3025,-6.8
2.19767024999999,0.276,-6.8
2.29848224999995,0.279,-6.8
2.39952749999998,0.2855,-6.8
2.49846499999995,0.276,-6.8
2.59674374999997,0.279,-6.8
2.69754749999998,0.281,-6.8
2.79872874999995,0.289,-6.8
2.89956749999999,0.3015,-6.8
2.99853674999997,0.265,-6.8
3.0974875,0.273,-6.8
3.19857024999999,0.2725,-6.8
3.29958625,0.281,-6.8
3.39962749999995,0.264,-6.8
3.49853674999997,0.2605,-6.8
3.59840874999998,0.2575,-6.8
3.70023149999997,0.269,-6.8
3.8020325,0.2735,-6.8
3.89839799999999,0.2515,-6.8
3.99858224999997,0.2615,-6.8
4.09832499999999,0.226,-6.8
4.19948024999997,0.2715,-6.8
4.29937149999995,0.3,-6.8
4.39842199999998,0.31,-6.8
4.49958024999995,0.292,-6.8
4.600482,0.3015,-6.8
4.69942749999996,0.2905,-6.8
4.79945899999996,0.2865,-6.79
4.90040224999996,0.2835,-6.64
4.99946624999995,0.2945,-6.34
5.09942024999998,0.289,-5.92
5.19950224999997,0.2825,-5.39
5.29740749999996,0.2925,-4.82
5.39838749999996,0.301,-4.11
5.50049024999998,0.2845,-3.6
5.59950749999996,0.2835,-3.32
5.69944649999996,0.311,-3
5.79848024999995,0.306,-2.7
5.8992915,0.3015,-2.36
5.99940475,0.2925,-1.93
6.09944374999998,0.298,-1.64
6.19956424999998,0.301,-1.41
6.29932224999999,0.287,-1.17
6.40028849999999,0.269,-0.93
6.50227799999999,0.266,-0.67
6.59925799999996,0.263,-0.44
6.69830899999999,0.241,-0.18
6.80043799999999,0.231,0.09
6.89926025,0.1925,0.34
6.99913149999998,0.218,0.49
7.09818849999999,0.2335,0.82
7.20030224999999,0.246,1.11
7.29817149999997,0.2275,1.16
7.39800624999998,0.2735,1.25
7.49928649999998,0.308,1.35
7.59904749999998,0.2885,1.53
7.69939999999997,0.237,1.81
7.80016849999998,0.204,2.09
7.90024875,0.2075,2.28
8.00017924999997,0.2245,2.4
8.09914474999999,0.1825,2.79
8.2002675,0.195,3.17
8.30021599999998,0.1885,3.54
8.39820649999996,0.173,3.81
8.49894749999999,0.1395,3.88
8.59812925,0.147,4.1
8.700242,0.1425,4.31
8.79929799999996,0.149,4.67
8.89901599999996,0.1635,5.17
8.9989865,0.1715,5.7
9.09795924999997,0.222,6.56
9.19894749999997,0.2275,7.42
9.30053924999999,0.2555,8.12
9.39902624999996,0.2695,8.28
9.49899124999996,0.2415,8.52
9.60112375,0.2915,8.68
9.69996325,0.285,8.84
9.80190749999997,0.293,9.11
9.90027599999996,0.309,9.46
9.99907274999998,0.2915,9.83
10.098925,0.2975,10.24
10.197845,0.3165,10.68
10.29894625,0.2815,11.08
10.399042,0.283,11.39
10.4990085,0.2655,11.67
10.6000475,0.2545,12.13
10.69898875,0.264,12.68
10.80014225,0.2625,13.08
10.89794225,0.2275,13.4
11.00018225,0.194,13.77
11.09880475,0.164,14.07
11.19999275,0.165,14.41
11.3008065,0.144,14.75
11.399718,0.1895,14.94
11.49883025,0.1875,15.16
11.5991265,0.243,15.48
11.69772425,0.2555,15.83
11.80004475,0.253,16.04
11.90009925,0.243,16.2
11.99776875,0.281,16.45
12.0986667499999,0.309,16.64
12.20182025,0.3085,16.97
12.3009075,0.2865,17.15
12.39990375,0.298,17.39
12.4999715,0.2875,17.45
12.59896475,0.3185,17.55
12.6997665,0.292,17.88
12.8006475,0.289,18.2
12.89872625,0.2995,18.53
12.99856875,0.283,18.81
13.098742,0.262,19.13
13.198625,0.2595,19.48
13.30060475,0.243,20.05
13.399622,0.175,20.69
13.498565,0.1685,21.25
13.59990625,0.1315,21.68
13.69972375,0.15,22.07
13.79853275,0.1415,22.49
13.89990375,0.163,22.94
14.0007275,0.2095,23.4
14.09857025,0.246,23.75
14.19966625,0.262,24.04
14.3007275,0.2485,24.37
14.400564,0.294,25.04
14.5005235,0.319,25.28
14.60058475,0.2865,25.74
14.69955275,0.2655,26.05
14.80015125,0.2055,26.49
14.899449,0.1725,26.86
14.999465,0.128,27.13
15.0994664999999,0.145,27.49
15.19966225,0.161,28.04
15.299916,0.2065,28.67
15.3999475,0.2675,29.09
15.49938475,0.295,29.61
15.59954025,0.2885,29.79
15.69953675,0.302,30.12
15.80155925,0.255,30.74
15.900438,0.2185,31.33
15.999476,0.182,31.65
16.09926625,0.1735,32.08
16.19960225,0.1395,32.55
16.2995637499999,0.1785,33.06
16.39840475,0.2,33.54
16.49952925,0.221,33.88
16.60148025,0.229,34.16
16.70024475,0.2465,34.43
16.80040425,0.2805,34.83
16.8975115,0.29,35.19
17.0002715,0.2755,35.44
17.1002265,0.301,35.72
17.20020225,0.306,36.02
17.29844375,0.2825,36.49
17.40038025,0.272,36.66
17.50144025,0.2755,36.74
17.59912625,0.24,37.02
17.6993515,0.1675,37.55
17.7992875,0.146,37.82
17.89813675,0.176,37.96
17.999276,0.2135,38.46
18.0992675,0.2255,38.7
18.2013715,0.2865,39.12
18.29926225,0.3255,39.65
18.4003602499999,0.267,40.17
18.4993085,0.257,40.3
18.5991075,0.244,40.5
18.6970664999999,0.1635,40.89
18.798282,0.161,41.35
18.9021274999999,0.1605,41.82
18.99804225,0.185,42.19
19.10034025,0.245,42.52
19.20045025,0.3065,42.88
19.3003179999999,0.274,43.11
19.4004,0.2835,43.31
19.499162,0.3255,43.48
19.59834425,0.285,43.69
19.6981525,0.266,44.05
19.80022875,0.246,44.39
19.9002265,0.2275,44.72
20.000345,0.183,45
20.09924025,0.165,45.28
20.201049,0.1525,45.57
20.29924025,0.1655,45.73
20.398925,0.1585,45.9
20.49903925,0.1795,46.24
20.6003525,0.189,46.72
20.70030225,0.2385,47.22
20.80098025,0.286,47.56
20.900076,0.3035,47.93
21.00016375,0.2795,48.3
21.1009685,0.2965,48.34
21.200856,0.2695,48.34
21.29820225,0.238,48.4
21.40037275,0.216,48.71
21.498825,0.1505,49.19
21.60010625,0.204,49.48
21.69898875,0.217,49.86
21.7991075,0.267,50.23
21.898849,0.299,50.47
21.998798,0.25,50.98
22.100162,0.194,51.47
22.1987475,0.2025,51.58
22.29904025,0.1635,51.73
22.398918,0.16,51.98
22.49892025,0.1595,52.22
22.6007875,0.1955,52.57
22.6987875,0.24,52.91
22.79900375,0.3075,53.37
22.900838,0.285,53.68
23.0007475,0.2655,53.88
23.10090025,0.2575,54.12
23.1997095,0.188,54.51
23.300765,0.162,54.92
23.39970375,0.1565,55.32
23.4997049999999,0.179,55.68
23.59991925,0.208,55.98
23.699998,0.23,56.3
23.80002025,0.279,56.61
23.90086225,0.3115,56.91
24.00001275,0.279,57.16
24.1000285,0.2735,57.5
24.198776,0.2495,57.85
24.2996315,0.1955,58.2
24.40157025,0.177,58.6
24.500822,0.17,58.91
24.5988,0.1895,59.23
24.698762,0.187,59.66
24.8005865,0.281,60.36
24.8997275,0.3125,60.57
24.99961025,0.296,60.61
25.099729,0.273,60.78
25.19854225,0.1935,61.25
25.29849275,0.1485,61.75
25.399524,0.2155,62.25
25.4985465,0.2995,62.61
25.5999315,0.3035,62.72
25.70046475,0.3135,62.97
25.79869275,0.296,63.07
25.9007475,0.193,63.55
25.99856025,0.16,63.89
26.0995875,0.146,64.3
26.19852025,0.1925,64.61
26.3017835,0.2625,65.11
26.40160475,0.2885,65.54
26.49948475,0.2905,65.83
26.5995235,0.243,66.08
26.6995265,0.2295,66.22
26.80040225,0.1875,66.49
26.899504,0.1685,66.75
27.00054125,0.1505,67.01
27.1014675,0.1785,67.35
27.1992847499999,0.2095,67.72
27.3004635,0.2185,68.16
27.401518,0.294,68.58
27.49848225,0.2835,68.97
27.6003085,0.245,69.35
27.700278,0.208,69.79
27.8014235,0.156,70.31
27.90148025,0.204,70.69
28.00046025,0.2265,71.01
28.0993675,0.262,71.2
28.20151875,0.281,71.36
28.30024475,0.2995,71.66
28.4004085,0.2725,72.01
28.49928,0.278,72.11
28.59950875,0.2665,72.23
28.7012675,0.2425,72.45
28.80144425,0.2275,72.47
28.90046025,0.2375,72.55
28.99946025,0.224,72.63
29.10038225,0.2075,72.73
29.200425,0.1625,73.15
29.3012875,0.193,73.4
29.400403,0.263,73.76
29.5013595,0.285,74.17
29.60116225,0.234,74.65
29.6992865,0.162,75.13
29.79932225,0.2,75.78
29.9012715,0.2815,76.37
30.00042425,0.2595,76.65
30.100145,0.2625,76.76
30.20018,0.2,76.97
30.300445,0.176,77.18
30.399245,0.1695,77.56
30.50046475,0.212,77.92
30.600263,0.2555,78.21
30.7001842499999,0.2675,78.49
30.7990875,0.2995,78.76
30.899378,0.283,78.93
30.9990115,0.2625,79.05
31.0982075,0.2415,79.23
31.1990885,0.223,79.36
31.29921275,0.2075,79.49
31.3995725,0.1845,79.64
31.5014925,0.1745,79.73
31.60344625,0.167,79.9
31.70039025,0.154,80.13
31.7990675,0.1605,80.4
31.90092625,0.1755,80.65
31.9991087499999,0.195,80.85
32.10208225,0.2105,81.05
32.20045025,0.2315,81.35
32.299045,0.272,81.67
32.40114025,0.286,82.01
32.500205,0.212,82.36
32.6001235,0.1655,82.7
32.70031275,0.1675,83.02
32.8001435,0.1825,83.35
32.89900475,0.2485,83.61
33.00022225,0.277,83.77
33.1008915,0.289,83.77
33.19902875,0.2805,83.84
33.2988875,0.2815,84.01
33.40024225,0.269,84.37
33.5001662499999,0.2585,84.37
33.5989489999999,0.2775,84.38
33.69994475,0.2475,84.43
33.8001675,0.2595,84.47
33.89996325,0.2515,84.58
33.99900025,0.243,84.66
34.100065,0.169,85.16
34.19998,0.2615,85.73
34.3001075,0.304,85.96
34.400018,0.2355,86.45
34.50106375,0.175,86.91
34.60074425,0.204,87.51
34.69874225,0.2455,87.93
34.7996649999999,0.2755,88.4
34.9007715,0.2925,88.48
35.00077275,0.275,88.77
35.10014875,0.2115,89.09
35.20092375,0.2125,89.26
35.3000835,0.194,89.53
35.4007285,0.1785,89.85
35.499709,0.1555,90.34
35.60088225,0.165,90.73
35.69965925,0.1675,91.03
35.80076825,0.1695,91.25
35.89994625,0.178,91.42
36.001818,0.2,91.67
36.10176025,0.249,91.96
36.1995767499999,0.288,92.33
36.29993825,0.2715,92.71
36.40172625,0.2095,93.1
36.5026475,0.158,93.51
36.60189025,0.1675,93.88
36.7016875,0.194,94.22
36.8006885,0.268,94.68
36.8996475,0.2815,95.03
37.001621,0.281,95.22
37.09956625,0.1985,95.52
37.2006035,0.197,95.74
37.30168225,0.1545,95.81
37.40056225,0.181,96.21
37.50047275,0.1965,96.45
37.60068925,0.2225,96.54
37.69964225,0.242,96.55
37.8016684999999,0.2635,96.57
37.9006055,0.283,96.66
38.00060375,0.2735,96.84
38.101478,0.277,97.05
38.2005315,0.253,97.24
38.300609,0.17,97.59
38.400556,0.1895,97.96
38.49964625,0.294,98.54
38.60164025,0.235,98.92
38.70244425,0.217,99.14
38.7996065,0.161,99.49
38.899589,0.2255,100.01
38.999336,0.283,100.42
39.09943675,0.2685,100.72
39.20030225,0.1875,101
39.30132225,0.155,101.14
39.399345,0.1595,101.37
39.5012675,0.1825,101.53
39.6012875,0.1895,101.66
39.7015474999999,0.2235,101.81
39.80246475,0.251,102.08
39.903365,0.278,102.35
39.9993315,0.274,102.69
40.101258,0.226,102.94
40.20120475,0.17,103.22
40.301382,0.176,103.54
40.400218,0.2195,103.86
40.5003865,0.2545,104.26
40.60032,0.2745,104.6
40.70036225,0.2535,104.94
40.801382,0.2205,105.28
40.89936025,0.153,105.66
41.000312,0.2425,106.1
41.1014075,0.2955,106.6
41.20045275,0.267,106.98
41.300376,0.2215,107.24
41.4014915,0.1675,107.45
41.5003885,0.165,107.71
41.6005715,0.204,108.05
41.7010475,0.2905,108.34
41.8002475,0.28,108.64
41.898158,0.229,109.02
42.0010715,0.148,109.26
42.101158,0.187,109.46
42.2011302499999,0.1895,109.61
42.3002285,0.2565,109.94
42.40112475,0.273,110.21
42.50045275,0.18,110.65
42.600651,0.1865,111.13
42.70254025,0.243,111.64
42.799103,0.2765,112.06
42.9002927499999,0.208,112.38
43.0002802499999,0.1775,112.56
43.10412225,0.198,112.82
43.201112,0.2175,113.15
43.30112875,0.31,113.47
43.40038925,0.2955,113.78
43.502005,0.2645,114.03
43.60190325,0.2115,114.37
43.700325,0.1445,114.72
43.80112225,0.209,115.07
43.90007925,0.2755,115.39
44.0009315,0.293,115.59
44.10203275,0.2345,115.99
44.20200325,0.154,116.45
44.30105675,0.225,116.88
44.40210475,0.271,117.28
44.50086225,0.284,117.54
44.60108425,0.28,117.68
44.700805,0.2325,117.95
44.800965,0.1685,118.32
44.90117925,0.1885,118.76
45.0008,0.258,118.96
45.1009,0.282,119.19
45.20202925,0.2515,119.33
45.300978,0.26,119.65
45.400877,0.185,120.25
45.50010375,0.16,120.38
45.599736,0.1795,120.43
45.700112,0.193,120.47
45.80094025,0.222,120.54
45.90068325,0.2625,120.76
45.9999435,0.305,121.05
46.100152,0.2795,121.09
46.1997115,0.2085,121.43
46.300902,0.154,121.86
46.4007275,0.2985,122.37
46.50096025,0.2055,122.83
46.601902,0.1735,123.15
46.700818,0.2075,123.46
46.799918,0.2745,123.93
46.9007065,0.1655,124.41
47.00015675,0.1575,124.62
47.100789,0.172,124.85
47.1997285,0.2275,125.1
47.30080025,0.277,125.41
47.39971625,0.2685,125.59
47.500742,0.244,125.78
47.60081275,0.2,126.08
47.70084025,0.1555,126.43
47.79972375,0.1895,126.73
47.899638,0.281,127.16
48.001798,0.2955,127.4
48.100742,0.2945,127.52
48.20117275,0.2875,127.57
48.29954425,0.1875,127.58
48.4005475,0.2705,127.68
48.500702,0.239,127.91
48.5994674999999,0.1785,128.22
48.699658,0.146,128.48
48.8016065,0.1985,128.79
48.90042225,0.261,129.17
48.99958625,0.2695,129.62
49.101569,0.18,130.08
49.201505,0.2335,130.5
49.30173075,0.2885,130.95
49.40040225,0.183,131.61
49.5004367499999,0.2495,132.08
49.60360225,0.305,132.26
49.7026875,0.2735,132.31
49.8014515,0.2555,132.61
49.89956025,0.196,132.85
49.9993674999999,0.171,133.19
50.099549,0.2035,133.36
50.202378,0.2785,133.61
50.3004422499999,0.2655,133.94
50.4014635,0.1685,134.41
50.5025087499999,0.3015,135.37
50.6006515,0.289,136.33
50.70052025,0.175,136.91
50.8004422499999,0.184,137.21
50.90156375,0.213,137.38
51.0013515,0.2595,137.56
51.1025402499999,0.291,137.83
51.2005515,0.2135,138.2
51.301402,0.1625,138.43
51.40232225,0.1625,138.6
51.50062475,0.1875,138.85
51.60150025,0.276,139.15
51.70150025,0.2685,139.41
51.8024114999999,0.23,139.58
51.90226,0.176,139.9
52.00124925,0.1825,140.16
52.10030225,0.2555,140.45
52.20243275,0.278,140.77
52.30145025,0.244,141.13
52.40044025,0.1895,141.47
52.50153275,0.191,141.81
52.60040625,0.2955,142.25
52.7011815,0.2445,142.76
52.8001685,0.17,143.26
52.90014225,0.196,143.41
53.0003247499999,0.2295,143.47
53.101218,0.277,143.68
53.20134025,0.305,143.9
53.3004422499999,0.2865,143.98
53.40020425,0.2985,144.01
53.500365,0.247,144.19
53.6023015,0.15,144.68
53.70028325,0.167,144.74
53.80155175,0.17,144.77
53.901168,0.1835,144.88
54.00016425,0.2455,145.01
54.1009675,0.2825,145.4
54.20131275,0.2485,146.26
54.3002617499999,0.218,146.75
54.40106875,0.2765,147.49
54.50296,0.179,148.2
54.60216875,0.215,148.4
54.70105675,0.236,148.52
54.7990675,0.251,148.68
54.90094875,0.2925,148.79
55.00031275,0.2715,148.88
55.10014225,0.2615,149.05
55.20216375,0.1875,149.36
55.3019065,0.202,149.61
55.40210475,0.253,149.86
55.5019475,0.2975,150.06
55.60184625,0.2805,150.26
55.700089,0.2235,150.52
55.8001675,0.1625,150.84
55.9000447499999,0.2875,151.29
56.00096125,0.295,151.54
56.10021275,0.2425,151.81
56.2010715,0.1905,151.99
56.3008685,0.1475,152.31
56.40080475,0.236,152.61
56.500063,0.287,152.87
56.6010087499999,0.2605,153.16
56.7011087499999,0.1775,153.46
56.802918,0.161,153.71
56.900765,0.22,154
57.00105025,0.274,154.38
57.10084425,0.22,154.86
57.2019515,0.2265,155.36
57.301901,0.308,155.73
57.40290225,0.2065,156.01
57.50011275,0.1765,156.17
57.600076,0.152,156.19
57.70088875,0.1985,156.43
57.8019075,0.2635,156.64
57.90166375,0.2795,156.92
58.00196025,0.226,157.11
58.1006875,0.1645,157.47
58.2018075,0.24,157.6
58.3027875,0.2925,157.77
58.4017515,0.277,158.05
58.5017075,0.1535,158.45
58.6008665,0.253,158.85
58.70188025,0.2695,159.16
58.8006222499999,0.176,159.45
58.900565,0.172,159.75
59.00170425,0.257,160.03
59.1009422499999,0.2915,160.28
59.20274025,0.1805,160.66
59.300805,0.1965,161.05
59.40245275,0.2125,161.7
59.504352,0.198,162.02
59.60368475,0.203,162.07
59.702562,0.233,162.13
59.80055275,0.281,162.28
59.9025515,0.2605,162.52
60.00056375,0.249,162.65
60.1006875,0.2325,162.79
60.2016875,0.2035,163.03
60.30274375,0.179,163.23
60.4004515,0.214,163.36
60.5004075,0.2555,163.61
60.6017915,0.2935,163.88
60.69972875,0.2225,164.22
60.8025485,0.174,164.62
60.90258025,0.2965,165.09
61.001425,0.1985,165.61
61.100522,0.237,166.16
61.2026485,0.307,166.58
61.30164225,0.1675,166.91
61.40162475,0.1705,167.32
61.5015514999999,0.2825,167.79
61.6023865,0.207,168.09
61.7024075,0.1685,168.31
61.80042375,0.2455,168.69
61.90032475,0.28,168.87
62.00056225,0.2915,168.98
62.1004685,0.226,169.3
62.20047975,0.2435,169.71
62.2992875,0.259,170.37
62.4014084999999,0.301,171.24
62.5037075,0.2535,172.04
62.60128125,0.1725,172.76
62.7015275,0.2845,173.25
62.80050475,0.1845,173.76
62.902409,0.255,174.28
63.001398,0.286,174.48
63.100362,0.266,174.66
63.20250875,0.1985,174.88
63.3003275,0.178,175.22
63.40018875,0.246,175.47
63.501262,0.26,175.68
63.60231275,0.2765,175.75
63.70113925,0.2875,175.81
63.80038025,0.27,175.98
63.90139275,0.2315,176.24
64.0013264999999,0.179,176.48
64.100472,0.204,176.63
64.2021075,0.2455,176.77
64.300496,0.2745,177.05
64.40122425,0.1735,177.55
64.5011835,0.2665,178.29
64.6002285,0.2095,178.91
64.7021075,0.2085,179.07
64.80034725,0.2425,179.23
64.90155175,0.301,179.46
65.0034725,0.2455,179.77
65.10119675,0.188,179.96
65.20226025,0.1785,180.12
65.30222225,0.242,180.45
65.4011262499999,0.251,180.84
65.5011239999999,0.174,181.09
65.60126375,0.1995,181.21
65.70122425,0.2715,181.48
65.802098,0.241,181.88
65.90115275,0.253,182.54
66.00224375,0.171,183.12
66.10222375,0.2635,183.53
66.203189,0.214,183.92
66.301125,0.166,184.15
66.40112225,0.1975,184.3
66.5011075,0.2875,184.66
66.6020002499999,0.1685,185.13
66.70114225,0.276,185.51
66.80306875,0.2285,185.59
66.9010802499999,0.2745,185.7
67.004189,0.249,185.91
67.1028664999999,0.1885,186.04
67.20222225,0.171,186.25
67.3029875,0.2075,186.62
67.40094025,0.2855,186.9
67.5019114999999,0.241,186.99
67.6010419999999,0.2445,187.08
67.7039065,0.2145,187.29
67.80402875,0.208,187.57
67.901172,0.2705,187.91
68.00208,0.2665,188.26
68.101896,0.186,188.64
68.20078325,0.2515,189
68.30094425,0.285,189.38
68.4028115,0.1955,189.84
68.5018674999999,0.243,190.17
68.60198375,0.2905,190.41
68.7019422499999,0.2,190.77
68.8018475,0.197,191.12
68.90094025,0.2715,191.37
69.00094025,0.297,191.52
69.10190475,0.2825,191.6
69.2017075,0.2365,191.78
69.3017702499999,0.175,191.92
69.40270675,0.2055,192.14
69.5007075,0.2815,192.46
69.60078225,0.25,192.67
69.70168425,0.1685,192.85
69.8018822499999,0.2865,193.37
69.9018022499999,0.18,193.97
70.00300875,0.2695,194.53
70.10085275,0.1955,195.04
70.201745,0.269,195.26
70.30184425,0.1615,195.74
70.401962,0.272,196.2
70.501812,0.172,196.63
70.60365275,0.254,196.9
70.7018315,0.2695,197.11
70.80158225,0.2475,197.4
70.90274475,0.194,197.61
71.00152225,0.1825,197.87
71.1015075,0.23,198.14
71.20080025,0.2705,198.37
71.300762,0.2905,198.47
71.40160125,0.2615,198.62
71.5027465,0.2365,198.66
71.6018865,0.2155,198.78
71.70152625,0.1815,198.89
71.8015685,0.169,199.01
71.901464,0.1945,199.09
72.000618,0.2155,199.22
72.1014675,0.252,199.37
72.20144475,0.2885,199.5
72.3005874999999,0.289,199.54
72.4016475,0.255,199.64
72.500522,0.2625,199.77
72.60054225,0.205,200.01
72.70146475,0.193,200.25
72.80062425,0.2395,200.37
72.9024874999999,0.2495,200.42
73.00148225,0.247,200.56
73.1034064999999,0.307,200.81
73.20159175,0.237,201.25
73.30330225,0.257,201.82
73.40155025,0.1685,202.38
73.5014285,0.189,202.61
73.6024475,0.2,202.61
73.703498,0.2015,202.72
73.8015315,0.296,203.07
73.90148225,0.2195,203.52
74.0015235,0.276,204.23
74.1023675,0.2655,204.27
74.2023,0.273,204.31
74.303298,0.2055,204.42
74.400392,0.2145,204.8
74.5023515,0.1615,205.6
74.6023515,0.2685,206.1
74.7013674999999,0.165,206.63
74.80144025,0.229,206.79
74.903289,0.2705,207.12
75.00428,0.181,207.74
75.1023475,0.2255,208.43
75.2024515,0.2795,208.98
75.30338225,0.1985,209.44
75.40341275,0.2925,210.04
75.502444,0.1865,210.42
75.6012515,0.256,210.84
75.7021275,0.2755,211.08
75.80212925,0.274,211.24
75.90214475,0.207,211.42
76.00431275,0.1735,211.59
76.102452,0.1955,211.71
76.20376025,0.1765,211.77
76.3012864999999,0.2255,211.85
76.40234375,0.2355,211.9
76.50228225,0.2415,212.03
76.6021075,0.2665,212.23
76.7011317499999,0.2675,212.48
76.803224,0.1735,212.78
76.902282,0.2355,213.02
77.0010685,0.266,213.18
77.10322875,0.277,213.27
77.20230025,0.268,213.41
77.30222225,0.1915,213.59
77.40114675,0.189,213.79
77.502169,0.23,214.03
77.602189,0.282,214.19
77.70194625,0.2795,214.33
77.80116475,0.206,214.55
77.901005,0.1615,214.81
78.00320225,0.2265,214.98
78.103072,0.2905,215.21
78.20112425,0.1835,215.64
78.301158,0.271,216.15
78.4021622499999,0.21,216.41
78.50112,0.1845,216.64
78.60106375,0.272,217.21
78.7019885,0.2485,217.85
78.8028885,0.2295,218.6
78.9018875,0.162,219.29
79.001898,0.2305,219.89
79.101836,0.235,220.33
79.20307275,0.26,220.55
79.30084875,0.2225,220.81
79.4028675,0.176,221.06
79.50188225,0.2465,221.49
79.600798,0.2555,221.71
79.70208125,0.1865,222.01
79.80292625,0.1855,222.38
79.9020262499999,0.218,222.78
80.00278225,0.1955,223.05
80.101862,0.179,223.21
80.20172625,0.2145,223.34
80.30396375,0.2825,223.56
80.4007475,0.269,223.71
80.50170225,0.202,224
80.60394225,0.239,224.4
80.7039114999999,0.223,224.84
80.8018235,0.1835,225.29
80.9016875,0.269,225.64
81.002889,0.2835,225.88
81.10176225,0.2155,226.06
81.20172475,0.191,226.28
81.30182225,0.214,226.62
81.40380325,0.276,226.99
81.50292025,0.1945,227.34
81.60488925,0.21,227.55
81.70374625,0.227,227.7
81.8006875,0.2795,227.78
81.9028635,0.2925,227.97
82.00278225,0.2065,228.15
82.10158225,0.1865,228.36
82.20272475,0.198,228.49
82.30285275,0.254,228.7
82.40460625,0.2115,229.04
82.5036802499999,0.217,229.35
82.6008915,0.1985,229.81
82.70468425,0.1995,230.15
82.802549,0.1765,230.74
82.9026914999999,0.2745,231.34
83.00272225,0.2995,232.04
83.10370375,0.1885,232.44
83.20370625,0.2725,232.73
83.3027085,0.215,233.07
83.403769,0.1925,233.36
83.50270425,0.28,233.68
83.6026035,0.2105,234.15
83.70166875,0.2775,234.69
83.8025315,0.212,234.95
83.9035065,0.153,235.14
84.00068225,0.183,235.33
84.10136625,0.291,235.61
84.2015115,0.2285,235.79
84.3036315,0.2085,235.89
84.40246625,0.207,236.01
84.50242225,0.188,236.16
84.60158025,0.2745,236.41
84.70138025,0.301,236.63
84.8063685,0.2745,236.84
84.9024265,0.172,237.07
85.0024475,0.241,237.38
85.1025085,0.244,237.74
85.2013485,0.1955,238.15
85.302318,0.2825,238.53
85.401482,0.1765,238.86
85.503378,0.19,239.05
85.60348475,0.212,239.11
85.7023579999999,0.2745,239.41
85.80175175,0.247,240.04
85.90252925,0.213,240.45
86.0015275,0.2445,240.49
86.102278,0.2245,240.53
86.2022464999999,0.213,240.58
86.303329,0.2085,240.61
86.402442,0.176,240.72
86.5014635,0.2505,241.07
86.60228225,0.2055,241.42
86.70329675,0.18,241.67
86.801284,0.2645,242.05
86.90144425,0.276,242.72
87.00244375,0.277,243.53
87.10151925,0.2945,244.28
87.2023485,0.2355,244.87
87.3011485,0.2635,245.15
87.40337275,0.177,245.26
87.5034419999999,0.206,245.5
87.60044025,0.262,245.75
87.702549,0.1695,246.16
87.80346025,0.2825,246.7
87.90132025,0.172,247.11
88.00230225,0.215,247.2
88.101198,0.2425,247.29
88.2031674999999,0.2815,247.5
88.303236,0.2425,247.66
88.40212475,0.185,247.84
88.502262,0.234,248.17
88.601205,0.269,248.5
88.70411675,0.183,248.81
88.802282,0.273,249.21
88.90415,0.1755,249.66
89.003272,0.2885,250.09
89.104045,0.226,250.36
89.20216475,0.1725,250.65
89.30212225,0.2705,250.96
89.4041265,0.238,251.3
89.5040675,0.1855,251.62
89.60323275,0.2405,251.82
89.7041515,0.2285,252.15
89.80296625,0.203,252.5
89.9021622499999,0.271,252.76
90.0028915,0.1885,252.97
90.10218225,0.2395,253.28
90.20308225,0.2215,253.62
90.3042119999999,0.22,253.95
90.4029275,0.1795,254.45
90.5029714999999,0.2505,255.01
90.6040487499999,0.282,255.54
90.7031127499999,0.2055,256.01
90.80290425,0.236,256.4
90.9029865,0.2285,256.79
91.00182475,0.2695,257.08
91.10210025,0.177,257.38
91.201765,0.278,257.68
91.30178425,0.2265,257.92
91.40288425,0.2115,258.24
91.5027449999999,0.232,258.71
91.6018979999999,0.214,258.97
91.70396225,0.2815,259.28
91.80402925,0.2405,259.44
91.90176425,0.1945,259.65
92.003879,0.279,259.95
92.1021239999999,0.239,260.25
92.203758,0.208,260.57
92.30270025,0.2705,260.92
92.40286475,0.191,261.22
92.5037022499999,0.2165,261.45
92.60382725,0.274,261.7
92.702798,0.1965,261.97
92.80295175,0.2155,262.23
92.90259625,0.2555,262.49
93.002762,0.209,262.74
93.1027075,0.2135,262.86
93.2039315,0.2635,263.23
93.3038637499999,0.191,263.64
93.4047275,0.247,263.88
93.50390975,0.208,264.26
93.6046875,0.2115,264.34
93.70376225,0.207,264.45
93.8025675,0.265,264.58
93.90252475,0.2795,264.69
94.002742,0.191,264.99
94.10493025,0.2335,265.48
94.20263675,0.251,266
94.3017692499999,0.2485,266.44
94.40162475,0.1995,267.05
94.502736,0.176,267.56
94.602545,0.2,268.15
94.702622,0.2865,268.48
94.8025075,0.206,268.8
94.90252725,0.2575,269.05
95.00377275,0.252,269.35
95.10176025,0.247,269.81
95.20145675,0.214,270.34
95.30273275,0.2975,270.64
95.4027275,0.178,270.99
95.503658,0.2575,271.18
95.6015047499999,0.284,271.41
95.7035085,0.174,271.75
95.8024462499999,0.2895,272.12
95.90460875,0.1695,272.51
96.00266925,0.307,272.81
96.10438025,0.24,273.1
96.20238225,0.2205,273.41
96.3045622499999,0.292,273.73
96.403522,0.1815,274.08
96.50250025,0.2565,274.35
96.60251025,0.258,274.48
96.70267275,0.242,274.65
96.80158375,0.225,274.97
96.90332025,0.26,275.46
97.00367125,0.29,276.02
97.1024275,0.1745,276.3
97.202325,0.1905,276.31
97.3033902499999,0.2775,276.59
97.40334425,0.2215,276.78
97.503258,0.184,276.94
97.6035275,0.27,277.19
97.7022914999999,0.172,277.58
97.80244375,0.2635,278.02
97.90234425,0.174,278.21
98.003581,0.2685,278.62
98.1035515,0.289,279.21
98.2033822499999,0.187,279.55
98.30236225,0.269,279.86
98.4032275,0.1975,280.35
98.50481175,0.1955,280.93
98.6023515,0.2875,281.36
98.7022075,0.201,281.93
98.802129,0.288,282.2
98.9023675,0.2055,282.69
99.0032062499999,0.2825,282.88
99.10324625,0.2325,283.11
99.2023275,0.211,283.32
99.3042475,0.26,283.57
99.40320475,0.279,283.64
99.5050915,0.2955,283.64
99.6021234999999,0.2615,283.84
99.70317275,0.182,284.24
99.803329,0.2185,284.77
99.90232875,0.2805,285.38
100.00200625,0.269,286.02
100.103405,0.2925,286.74
100.2031815,0.2915,287.39
100.304018,0.1875,287.87
100.40430025,0.3015,288.1
100.5022075,0.233,288.22
100.60398375,0.213,288.55
100.70222875,0.2715,288.9
100.80422025,0.2105,289.13
100.902945,0.2845,289.4
101.001904,0.19,289.69
101.1039635,0.1955,289.7
101.202172,0.273,289.87
101.3029075,0.298,289.94
101.402018,0.3005,290.01
101.50404825,0.1935,290.39
101.60394475,0.2705,290.7
101.704069,0.2845,291.23
101.80299075,0.2875,291.79
101.90215275,0.271,292.3
102.0019865,0.195,292.82
102.10411275,0.182,293.33
102.20188225,0.241,293.82
102.304142,0.2525,294.45
102.402082,0.279,295.05
102.50300625,0.2625,295.61
102.6018275,0.1735,295.95
102.70390225,0.1775,296.04
102.8040115,0.1925,296.08
102.90302025,0.207,296.12
103.0017675,0.266,296.33
103.103018,0.2455,296.61
103.20394,0.2245,297.02
103.3047075,0.207,297.44
103.40306225,0.239,297.76
103.5040725,0.216,298.11
103.6038865,0.243,298.4
103.704969,0.2825,298.59
103.80507275,0.2275,298.83
103.9028285,0.2435,299.19
104.004838,0.2025,299.69
104.105412,0.291,299.95
104.20474625,0.1935,300.24
104.302858,0.254,300.43
104.4039515,0.266,300.65
104.50386625,0.2405,301.01
104.603829,0.234,301.2
104.7029075,0.2335,301.3
104.8016265,0.206,301.54
104.90360225,0.2635,301.84
105.0016475,0.2115,302.17
105.10356425,0.273,302.42
105.20170225,0.274,302.98
105.30388475,0.237,303.37
105.40367675,0.183,303.76
105.50460225,0.249,303.94
105.6037275,0.263,304.19
105.70470475,0.2265,304.48
105.80364875,0.261,304.72
105.904523,0.186,304.84
106.004696,0.1905,304.96
106.10267275,0.2395,305.18
106.20472225,0.2205,305.57
106.30244425,0.281,305.94
106.40377025,0.2135,306.16
106.50354475,0.1995,306.35
106.60353675,0.2875,306.61
106.7035465,0.2105,306.85
106.80446625,0.281,307.21
106.902609,0.219,307.48
107.00364,0.1755,307.66
107.105516,0.2435,307.88
107.2035075,0.2325,308.19
107.30252225,0.1945,308.45
107.4034515,0.291,308.73
107.5034275,0.191,309.06
107.6034475,0.29,309.43
107.7045275,0.201,309.78
107.80362025,0.2725,310.1
107.90459675,0.206,310.44
108.00350225,0.211,310.66
108.10261275,0.238,310.84
108.202405,0.271,311.12
108.30240625,0.1935,311.45
108.402338,0.187,311.54
108.503442,0.208,311.54
108.60428375,0.1735,311.5
108.7033315,0.1755,311.49
108.80255275,0.175,311.49
108.90343925,0.203,311.53
109.0025075,0.2085,311.84
109.102218,0.2835,312.14
109.203442,0.1795,312.45
109.302278,0.237,312.69
109.4045275,0.2745,312.82
109.503382,0.2755,312.89
109.60391275,0.2745,313
109.701389,0.195,313.08
109.802542,0.198,313.16
109.9035265,0.296,313.44
110.002229,0.1935,313.72
110.1023875,0.2435,314.15
110.20446225,0.305,314.64
110.304245,0.2715,315.13
110.40414875,0.218,315.48
110.50432025,0.2845,315.65
110.6023435,0.2085,315.86
110.704085,0.2,316.04
110.803438,0.3085,316.26
110.90422225,0.2095,316.47
111.0043475,0.2325,316.68
111.10410475,0.2755,316.87
111.20206225,0.2115,317.05
111.30408475,0.1995,317.19
111.40628,0.2535,317.32
111.50417675,0.291,317.47
111.60407275,0.187,317.64
111.70542475,0.2215,317.86
111.804298,0.2405,318.13
111.90620225,0.202,318.38
112.00416925,0.295,318.59
112.1040275,0.198,318.8
112.20315675,0.219,318.93
112.30316025,0.287,319.1
112.4050675,0.2965,319.17
112.50502125,0.2615,319.24
112.605105,0.2065,319.61
112.70424875,0.2755,319.95
112.8021115,0.192,320.31
112.9039275,0.229,320.71
113.0039065,0.2745,321.14
113.10505025,0.2065,321.57
113.2049275,0.23,322.03
113.3050475,0.2255,322.39
113.404156,0.2955,322.6
113.5030675,0.197,322.78
113.6049235,0.1945,323
113.7041515,0.268,323.23
113.80208875,0.2545,323.48
113.90304225,0.1945,323.66
114.003878,0.251,323.84
114.10412875,0.289,324
114.203882,0.213,324.18
114.30498375,0.2045,324.38
114.4039035,0.266,324.58
114.50395675,0.207,324.76
114.6029275,0.2195,324.95
114.7047665,0.284,325.15
114.803836,0.1735,325.39
114.9038275,0.2775,325.72
115.0039865,0.2195,326.05
115.1070235,0.202,326.37
115.20383775,0.282,326.64
115.30551275,0.2185,326.84
115.4049715,0.186,327.02
115.50290375,0.2765,327.24
115.6038075,0.19,327.5
115.70278125,0.2585,327.71
115.80274475,0.2145,327.89
115.9036515,0.212,328.08
116.003849,0.2635,328.33
116.103818,0.1945,328.63
116.203809,0.263,328.88
116.304718,0.181,329.05
116.404705,0.2155,329.19
116.50470025,0.2835,329.38
116.60460225,0.1845,329.61
116.7037435,0.213,329.8
116.8046075,0.2895,329.94
116.902762,0.2525,330.08
117.0036475,0.205,330.2
117.1047315,0.223,330.39
117.20477025,0.28,330.6
117.30480375,0.1815,330.92
117.403638,0.2535,331.27
117.50356475,0.197,331.42
117.603509,0.181,331.42
117.7037275,0.201,331.42
117.80452225,0.1985,331.63
117.90368025,0.2775,331.92
118.004722,0.278,331.92
118.10446425,0.276,331.92
118.2034515,0.26,331.92
118.305485,0.254,331.92
118.4056315,0.263,331.92
118.5035265,0.2535,331.92
118.603522,0.252,331.92
118.7034075,0.2535,332.01
118.80366375,0.184,332.24
118.9035115,0.2835,332.61
119.0036075,0.188,332.91
119.10560225,0.2925,333.07
119.204438,0.3035,333.15
119.30438475,0.2095,333.38
119.40360225,0.239,333.69
119.50241025,0.1935,334.04
119.604502,0.283,334.42
119.704502,0.203,334.78
119.803542,0.2345,335.14
119.90435075,0.237,335.45
120.00430425,0.254,335.66
120.10333675,0.199,335.96
120.203592,0.262,336.22
120.3022865,0.226,336.46
120.40546925,0.2325,336.78
120.5035685,0.255,337.08
120.604479,0.244,337.25
120.70238875,0.1765,337.32
120.80347275,0.1755,337.42
120.905418,0.2985,337.68
121.00348025,0.1755,337.9
121.10420225,0.182,338.45
121.20449275,0.1975,339.04
121.3044315,0.3005,339.76
121.40432225,0.306,340.25
121.50418225,0.201,340.59
121.6032915,0.2045,340.93
121.70530225,0.308,341.34
121.8042475,0.276,341.8
121.9032835,0.1775,342.1
122.00327025,0.295,342.48
122.10541025,0.244,342.86
122.2051675,0.2125,343.12
122.3041475,0.1885,343.3
122.40522225,0.28,343.43
122.504138,0.268,343.6
122.60332,0.1705,343.76
122.703292,0.27,343.97
122.80432425,0.2055,344.29
122.904278,0.26,344.56
123.0051685,0.3055,344.61
123.103097,0.2915,344.7
123.20405925,0.248,344.84
123.3053915,0.187,345.08
123.404098,0.316,345.35
123.50501925,0.1875,345.71
123.6051275,0.271,346.03
123.70520875,0.211,346.31
123.803198,0.308,346.53
123.90423025,0.181,346.78
124.0042675,0.296,347.05
124.10290625,0.174,347.34
124.204998,0.286,347.68
124.30514,0.2785,348.13
124.4043,0.2975,348.6
124.5050315,0.1735,348.88
124.60396,0.2895,349.1
124.70488225,0.2,349.37
124.80398425,0.297,349.56
124.90398225,0.2575,350
125.00413275,0.299,350.55
125.10316875,0.291,351.08
125.20386475,0.2905,351.54
125.30382225,0.304,351.94
125.4040675,0.21,352.32
125.50509275,0.213,352.66
125.603985,0.2745,353.01
125.7028675,0.204,353.27
125.80296875,0.2485,353.37
125.90410025,0.3,353.47
126.00394225,0.278,353.56
126.10400225,0.223,353.65
126.20407025,0.192,353.86
126.3058675,0.308,354.13
126.4050275,0.1895,354.38
126.50567275,0.261,354.49
126.60385025,0.301,354.52
126.70394925,0.316,354.61
126.8049675,0.21,354.78
126.9037115,0.236,354.98
127.004829,0.288,355.16
127.10490875,0.191,355.33
127.2049295,0.222,355.55
127.30383275,0.1885,355.93
127.405038,0.297,356.35
127.504902,0.267,356.81
127.6046875,0.195,357.25
127.7056635,0.1895,357.72
127.80494875,0.23,358.19
127.90378475,0.308,358.62
128.00584475,0.2075,358.96
128.10468475,0.2215,359.29
128.20586425,0.2795,359.6
128.303684,0.1985,359.82
128.4048675,0.253,360.06
128.5047465,0.189,360.34
128.60260475,0.293,360.64
128.70376,0.206,360.83
128.8049055,0.269,361.02
128.9047675,0.235,361.22
129.00376475,0.262,361.48
129.1037285,0.1825,361.83
129.20466025,0.2535,362.14
129.303725,0.2975,362.44
129.40558225,0.194,362.74
129.5045315,0.1995,363.2
129.605578,0.208,363.67
129.7044715,0.1925,364.02
129.80474925,0.2115,364.45
129.904642,0.236,364.9
130.00364475,0.2265,365.38
130.10364475,0.2545,365.8
130.20564375,0.1975,366.04
130.30541025,0.275,366.31
130.405578,0.3015,366.72
130.50462225,0.273,367.18
130.60542425,0.277,367.7
130.70348425,0.1985,368.18
130.80555025,0.167,368.61
130.90362375,0.291,368.87
131.0044475,0.182,369.15
131.104352,0.289,369.45
131.2044075,0.177,369.7
131.303378,0.2755,369.98
131.40362025,0.1835,370.29
131.5034275,0.311,370.57
131.60450475,0.1705,370.88
131.704364,0.2835,371.21
131.805265,0.2085,371.52
131.90733675,0.2085,371.9
132.00552,0.297,372.2
132.10641275,0.2475,372.34
132.2053215,0.212,372.55
132.30664425,0.253,372.82
132.4032915,0.1735,372.94
132.5032675,0.2105,373
132.6053635,0.277,373.08
132.7062265,0.2725,373.16
132.80538025,0.1855,373.33
132.9055115,0.2965,373.59
133.004252,0.1735,373.85
133.10544425,0.1705,374.25
133.205204,0.1995,374.62
133.306478,0.3045,374.93
133.40532,0.254,375.24
133.50612225,0.18,375.52
133.604138,0.2935,375.77
133.705265,0.2285,376.08
133.80432475,0.2385,376.3
133.90542875,0.296,376.63
134.003256,0.2425,377
134.10538475,0.177,377.3
134.20512125,0.285,377.46
134.3072685,0.2865,377.53
134.40518125,0.245,377.61
134.50522125,0.1715,377.76
134.60405675,0.293,377.95
134.70520375,0.2275,378.11
134.8040875,0.221,378.28
134.90506875,0.3065,378.47
135.0061675,0.182,378.7
135.1040075,0.2965,378.96
135.20396475,0.231,379.33
135.3051715,0.207,379.83
135.4060115,0.211,380.32
135.5050885,0.184,380.73
135.605329,0.1875,381.13
135.70516475,0.3145,381.47
135.8049475,0.18,381.79
135.9050635,0.2205,382.17
136.005162,0.303,382.52
136.1040315,0.1625,382.82
136.2051275,0.3125,383.08
136.3061075,0.1635,383.31
136.404138,0.279,383.49
136.50612925,0.2015,383.72
136.60713025,0.311,384
136.703884,0.204,384.26
136.8050785,0.3025,384.42
136.9049865,0.1675,384.59
137.00498025,0.2675,384.78
137.10480625,0.22,384.99
137.205942,0.333,385.31
137.30484225,0.248,385.65
137.404962,0.1885,386.01
137.50408225,0.29,386.51
137.6068885,0.233,387.08
137.7067125,0.1775,387.61
137.8038635,0.1685,388.06
137.90396025,0.1805,388.46
138.004758,0.2955,388.69
138.10378025,0.3125,389.1
138.20610225,0.172,389.83
138.30484475,0.1875,390.66
138.40382325,0.2345,391.87
138.50392625,0.3075,392.47
138.60572925,0.2055,392.64
138.70394625,0.318,393.03
138.80270225,0.235,393.38
138.903838,0.17,393.77
139.0046875,0.2225,394.11
139.10472425,0.209,394.2
139.203625,0.174,394.33
139.30300425,0.2335,394.42
139.4047685,0.3155,394.61
139.505765,0.1775,394.8
139.60374475,0.2585,394.99
139.70368125,0.173,395.29
139.804978,0.3145,395.61
139.90462225,0.2435,395.92
140.0036675,0.2235,396.34
140.1056915,0.3125,396.48
140.205718,0.26,396.51
140.3047995,0.2075,396.59
140.404605,0.288,396.81
140.505525,0.181,397.02
140.60574225,0.2315,397.17
140.708812,0.1995,397.46
140.8055275,0.3055,397.72
140.9065675,0.269,398.03
141.00454875,0.181,398.34
141.1047675,0.3105,398.52
141.20562925,0.243,398.84
141.30554625,0.2875,399.3
141.4055085,0.3185,399.75
141.50466025,0.181,400
141.604838,0.1585,400.4
141.705485,0.2175,400.88
141.80546425,0.2875,401.37
141.90560925,0.3125,401.82
142.00548375,0.2735,402.22
142.10441925,0.1715,402.56
142.205742,0.225,403.13
142.3053865,0.3035,403.63
142.40666925,0.1605,403.95
142.504502,0.3125,404.18
142.60556025,0.2415,404.23
142.706589,0.1835,404.33
142.805305,0.1825,404.49
142.905479,0.2715,404.78
143.005418,0.3215,405.19
143.1045475,0.243,405.54
143.20632625,0.1745,405.86
143.30432425,0.318,406.12
143.4055015,0.21,406.45
143.505438,0.1835,406.78
143.6034265,0.2975,407
143.705478,0.325,407.03
143.80527025,0.2935,407.03
143.906469,0.3035,407.04
144.0052675,0.2935,407.04
144.1064275,0.291,407.04
144.2043715,0.2875,407.04
144.3053915,0.2845,407.06
144.404258,0.2245,407.18
144.50643675,0.2215,407.37
144.60435275,0.297,407.55
144.70432025,0.155,407.67
144.80529675,0.19,407.79
144.90628475,0.3205,407.98
145.0052455,0.1865,408.2
145.107298,0.1845,408.55
145.20539025,0.282,408.82
145.3052115,0.1945,408.97
145.40512025,0.2485,409.01
145.5062475,0.3225,409.17
145.60532375,0.1775,409.33
145.7061275,0.2925,409.47
145.8061515,0.3175,409.52
145.90534025,0.256,409.61
146.0053685,0.1565,409.78
146.10622425,0.3305,409.9
146.20407725,0.179,410.16
146.30422225,0.313,410.77
146.404383,0.2725,411.21
146.506222,0.25,411.59
146.6049895,0.2855,411.78
146.704038,0.307,411.9
146.8060875,0.165,412.02
146.90724025,0.2855,412.16
147.006076,0.2895,412.32
147.10522375,0.3105,412.56
147.2051435,0.1495,412.83
147.3039665,0.275,413.08
147.40521275,0.2075,413.27
147.50618375,0.217,413.51
147.60494475,0.3365,413.84
147.7060275,0.283,414.13
147.804996,0.2085,414.35
147.90420025,0.3135,414.6
148.006062,0.1425,414.85
148.1060455,0.308,415.1
148.2049275,0.2515,415.41
148.3058875,0.166,415.81
148.40516875,0.1435,416.23
148.5062115,0.146,416.69
148.6069435,0.15,417.14
148.70482475,0.1855,417.51
148.80549275,0.339,417.77
148.90741275,0.1795,418
149.00496025,0.282,418.23
149.10602475,0.1725,418.51
149.20702625,0.323,418.76
149.3067675,0.1385,418.95
149.40600025,0.246,419.07
149.50476925,0.318,419.24
149.6048865,0.165,419.38
149.7057675,0.2775,419.54
149.805958,0.304,419.55
149.905942,0.323,419.71
150.004909,0.2285,419.96
150.1057665,0.1695,420.25
150.2048665,0.3185,420.53
150.3047,0.342,420.87
150.40470025,0.344,421.24
150.5057315,0.294,421.72
150.6056275,0.209,422.17
150.7048275,0.1395,422.63
150.80404375,0.276,423.15
150.9059475,0.3125,423.51
151.0058475,0.2565,423.63
151.104756,0.1575,423.8
151.204862,0.3285,423.92
151.30568475,0.2495,424.06
151.406802,0.144,424.17
151.504678,0.266,424.23
151.604798,0.3285,424.28
151.7058475,0.341,424.39
151.80485025,0.1585,424.51
151.906698,0.224,424.67
152.004749,0.248,424.86
152.1059075,0.29,425.09
152.20562825,0.15,425.32
152.3067065,0.3345,425.51
152.4046275,0.2885,425.62
152.5055515,0.23,425.87
152.6057675,0.1465,426.23
152.706665,0.138,426.6
152.8057465,0.1905,427
152.90468625,0.1735,427.48
153.0055,0.12,427.93
153.1056665,0.1825,428.33
153.20366625,0.3375,428.65
153.3064865,0.136,428.89
153.40452475,0.3525,429.13
153.507538,0.1615,429.39
153.606558,0.342,429.58
153.70572025,0.1495,429.78
153.80463025,0.3355,430.07
153.905545,0.336,430.44
154.0055065,0.2075,430.77
154.105398,0.138,431.07
154.206502,0.1815,431.47
154.30466225,0.1455,431.93
154.405952,0.1755,432.25
154.50553075,0.1435,432.28
154.60544125,0.1325,432.34
154.7064095,0.2575,432.43
154.8074215,0.3435,432.59
154.90464025,0.202,432.83
155.00542625,0.19,433.08
155.10457025,0.1275,433.53
155.20636225,0.337,433.7
155.305245,0.2145,433.96
155.4043315,0.26,434.12
155.5062515,0.322,434.42
155.60547275,0.3275,434.78
155.705242,0.3155,435.23
155.80442,0.302,435.44
155.9052115,0.1175,435.67
156.0044115,0.3555,435.89
156.106342,0.305,436.16
156.20638625,0.106,436.38
156.3061875,0.285,436.49
156.40628225,0.278,436.64
156.505196,0.1585,436.7
156.60634025,0.194,436.81
156.70635275,0.3215,436.97
156.80614125,0.2345,437.22
156.906364,0.1685,437.53
157.0062105,0.273,437.74
157.106318,0.3075,437.99
157.207176,0.2115,438.34
157.3063655,0.1115,438.65
157.40620225,0.1295,439.02
157.5053015,0.3575,439.24
157.605198,0.3435,439.61
157.706076,0.342,439.97
157.8074315,0.2,440.31
157.906038,0.19,440.7
158.0051475,0.1585,441.01
158.105276,0.3525,441.27
158.20602,0.127,441.49
158.3062475,0.2735,441.74
158.40500925,0.276,442.05
158.50605025,0.336,442.49
158.606278,0.3635,442.87
158.70616225,0.225,443.17
158.80697275,0.124,443.43
158.9059675,0.3585,443.66
159.0060265,0.3155,443.93
159.10614,0.1275,444.15
159.20508925,0.1715,444.47
159.3049275,0.326,444.74
159.4060865,0.3105,444.95
159.50599275,0.3335,444.95
159.6061075,0.324,444.95
159.7071275,0.336,444.95
159.806004,0.335,444.95
159.906098,0.352,444.95
160.006212,0.3385,444.95
160.10579875,0.3505,444.95
160.20380625,0.32,444.95
160.3048715,0.327,444.95
160.4038715,0.3035,444.95
160.5058515,0.36,444.95
160.6048105,0.337,444.95
160.7040715,0.3325,444.98
160.8058565,0.216,445.21
160.9050065,0.1175,445.65
161.00590025,0.2985,446.21
161.10802025,0.3485,446.82
161.20482425,0.23,447.25
161.306084,0.107,447.67
161.4048,0.1795,448.05
161.50570225,0.352,448.53
161.60484475,0.123,449.02
161.70676475,0.167,449.33
161.8046485,0.167,449.7
161.904718,0.1865,450.06
162.0047515,0.348,450.33
162.10576375,0.341,450.72
162.20699275,0.185,451.4
162.30684675,0.3385,451.89
162.4058885,0.317,452.29
162.5047685,0.219,452.84
162.6058675,0.2115,453.4
162.7059815,0.3465,454.01
162.8046275,0.203,454.63
162.9057235,0.3605,455.15
163.006832,0.1325,455.77
163.10556225,0.2795,456.31
163.2056115,0.3165,456.55
163.30784375,0.1095,456.77
163.40456225,0.337,456.95
163.506819,0.1255,457.1
163.6057265,0.3415,457.27
163.70674025,0.273,457.38
163.8067835,0.2255,457.59
163.9098975,0.1245,457.88
164.0046095,0.1255,458.16
164.105565,0.1405,458.49
164.2065665,0.201,458.79
164.30675175,0.3395,459.07
164.404605,0.327,459.32
164.50566225,0.134,459.58
164.607749,0.114,459.9
164.70670225,0.1765,460.29
164.8066275,0.2295,460.63
164.90646025,0.1055,460.91
165.00749275,0.1955,461.19
165.10658475,0.214,461.52
165.20658025,0.318,461.72
165.3063875,0.3295,462.05
165.40662425,0.1945,462.66
165.505498,0.118,463.11
165.606732,0.1755,463.53
165.70867175,0.282,464.18
165.80744625,0.311,464.85
165.9064275,0.1295,465.49
166.00573925,0.1345,465.87
166.10538875,0.2395,466.36
166.20632475,0.3455,466.88
166.30730425,0.304,467.29
166.40657025,0.3405,467.63
166.5073275,0.181,467.85
166.6053065,0.347,467.96
166.70542225,0.121,468.13
166.806438,0.364,468.34
166.90628225,0.2405,468.61
167.00644875,0.1665,468.89
167.10436875,0.2135,469.11
167.206416,0.246,469.28
167.3072875,0.2965,469.41
167.40724475,0.1065,469.53
167.5062065,0.3245,469.77
167.6054235,0.277,470.13
167.70624225,0.116,470.54
167.80648625,0.1815,470.95
167.906302,0.199,471.28
168.00536025,0.1685,471.61
168.10536225,0.1125,471.86
168.20529675,0.314,472.07
168.3063635,0.152,472.29
168.40424475,0.1125,472.55
168.5061285,0.154,472.88
168.60539025,0.172,473.32
168.7054865,0.2425,473.51
168.8063865,0.2975,473.75
168.90533025,0.3885,474.17
169.00508475,0.323,474.51
169.1060715,0.2015,475.08
169.20636025,0.1495,475.45
169.30720925,0.2345,475.68
169.407178,0.359,476.12
169.5060465,0.1995,476.51
169.607209,0.1345,476.68
169.7070715,0.154,477.42
169.807122,0.3595,478.01
169.90703275,0.3305,478.4
170.00508375,0.2625,478.82
170.1060515,0.192,479.36
170.20630475,0.3745,480.18
170.3061375,0.337,480.88
170.41048225,0.2715,481.39
170.5070465,0.351,481.8
170.606944,0.1765,482.19
170.708229,0.348,482.44
170.806956,0.1415,482.58
170.906089,0.287,482.77
171.00810875,0.2215,482.96
171.107045,0.0735,483.22
171.20749275,0.159,483.6
171.3060075,0.335,484.06
171.407169,0.325,484.6
171.50790375,0.067,485.14
171.60690875,0.1715,485.72
171.7071075,0.138,486.07
171.80710025,0.3465,486.34
171.905885,0.3605,486.69
172.0060485,0.309,487.31
172.10688625,0.3415,488.02
172.20796225,0.339,488.76
172.31012475,0.406,489.15
172.4067475,0.3745,489.5
172.5059035,0.404,489.82
172.606765,0.3825,490.14
172.7058515,0.3035,490.49
172.8068075,0.1265,490.76
172.90583275,0.209,490.98
173.00886475,0.1605,491.49
173.105962,0.353,492.31
173.20794625,0.219,492.67
173.3068065,0.073,493.04
173.405772,0.087,493.38
173.50580225,0.214,493.57
173.6069285,0.4035,493.8
173.70669025,0.1205,493.99
173.80766475,0.105,494.23
173.90673275,0.0725,494.56
174.007901,0.353,495.04
174.10876875,0.3005,495.54
174.207869,0.114,495.99
174.305869,0.1,496.35
174.407725,0.0615,496.62
174.50675025,0.3035,497.04
174.60690475,0.0545,497.89
174.706665,0.329,498.57
174.805565,0.3925,498.98
174.9077885,0.408,499.7
175.00668875,0.074,500.15
175.10580225,0.201,500.4
175.20685925,0.1975,500.78
175.3067275,0.153,501.2
175.405838,0.0925,501.51
175.50658625,0.222,502
175.606702,0.139,502.56
175.706558,0.245,502.84
175.8058315,0.265,503.19
175.90655675,0.124,503.65
176.005638,0.2775,504.01
176.1054275,0.303,504.32
176.205638,0.384,504.68
176.30658625,0.2125,504.88
176.40652425,0.389,504.98
176.506656,0.378,505.3
176.60540625,0.3645,505.6
176.70658475,0.238,505.81
176.8054675,0.238,505.96
176.9055475,0.239,506.28
177.0073635,0.265,506.74
177.10659275,0.0855,507.28
177.20666025,0.1695,507.89
177.3054475,0.0665,508.4
177.40665025,0.076,508.71
177.50646,0.241,509.09
177.607464,0.263,509.74
177.7064675,0.1615,510.55
177.80654025,0.1245,511.23
177.9062675,0.1945,511.88
178.005656,0.1675,512.9
178.10728625,0.2105,513.56
178.206442,0.27,514.07
178.30640025,0.359,514.48
178.4094675,0.2565,514.86
178.50750225,0.357,515.12
178.60754475,0.172,515.37
178.70642025,0.0815,515.65
178.80754025,0.352,515.81
178.90724475,0.244,516.02
179.00639275,0.412,516.4
179.10634725,0.2325,516.58
179.207249,0.0595,516.82
179.30651275,0.127,517.07
179.407238,0.385,517.22
179.50640375,0.155,517.45
179.6092275,0.092,517.72
179.70724475,0.3245,518.1
179.806278,0.174,518.52
179.906498,0.1445,518.92
180.00746025,0.3505,519.33
180.1091475,0.0715,519.73
180.2071075,0.225,520.06
180.30626,0.356,520.14
180.4063865,0.1035,520.32
180.506105,0.1255,520.6
180.60742225,0.1125,520.91
180.7073,0.1295,521.45
180.80706325,0.3275,521.95
180.9071065,0.303,522.28
181.00728425,0.1875,522.62
181.11040225,0.2675,522.78
181.207165,0.1065,523.01
181.30708475,0.0915,523.34
181.40700625,0.207,523.62
181.5081475,0.1685,523.71
181.60820825,0.3525,523.82
181.7071095,0.2555,523.91
181.8070275,0.2245,524.07
181.908349,0.1715,524.32
182.0060265,0.368,524.83
182.10710475,0.1955,525.09
182.206062,0.283,525.46
182.307072,0.126,525.73
182.40677275,0.27,526.15
182.50712625,0.1075,526.4
182.605925,0.245,526.8
182.7069885,0.2165,527.1
182.80598425,0.215,527.42
182.9090995,0.273,527.58
183.00696375,0.102,527.94
183.10604225,0.23,528.35
183.20706625,0.3725,528.71
183.30698925,0.351,529
183.4058275,0.28,529.25
183.506002,0.1055,529.45
183.609036,0.385,529.64
183.708998,0.342,529.93
183.805978,0.16,530.3
183.9059075,0.114,530.68
184.00690475,0.3345,531.06
184.10611025,0.3015,531.45
184.20596225,0.0815,531.84
184.30601025,0.268,532.23
184.404942,0.3485,532.57
184.50586675,0.338,532.86
184.6059395,0.2845,533.12
184.709978,0.2235,533.41
184.8060075,0.358,533.77
184.90792225,0.364,534.13
185.00788225,0.1455,534.25
185.1057885,0.266,534.45
185.206863,0.106,535.37
185.30688375,0.148,535.72
185.407622,0.1045,535.96
185.5060075,0.35,536.47
185.605862,0.1655,536.94
185.706676,0.096,537.4
185.8067075,0.132,537.79
185.90763025,0.178,537.98
186.00862475,0.1045,538.14
186.10882025,0.2945,538.34
186.2066665,0.3445,538.63
186.30674475,0.1295,539.11
186.40956475,0.3375,540.19
186.508618,0.2405,540.52
186.6075675,0.2655,540.52
186.70683025,0.112,540.63
186.8087475,0.2245,540.76
186.90772625,0.113,540.95
187.006758,0.3285,541.08
187.10752225,0.0965,541.22
187.207504,0.356,541.4
187.30770875,0.2485,541.61
187.40860625,0.1925,541.88
187.50771025,0.3065,542.16
187.60654225,0.262,542.42
187.7076455,0.137,542.64
187.8106895,0.1275,542.83
187.90766625,0.196,543.06
188.00907275,0.266,543.36
188.10744475,0.3125,543.61
188.2075285,0.3315,543.8
188.3074075,0.347,544.04
188.40666225,0.1845,544.4
188.50854375,0.2865,544.83
188.6084515,0.3765,545.15
188.706556,0.1575,545.4
188.8066265,0.117,545.59
188.906483,0.3205,545.86
189.00644475,0.3175,546.17
189.107389,0.1485,546.38
189.20767275,0.3395,546.71
189.308421,0.1595,547.17
189.40637675,0.251,547.55
189.5106,0.265,548
189.6072675,0.328,548.42
189.707349,0.3855,548.78
189.8062715,0.333,549.13
189.9063105,0.133,549.44
190.006445,0.3465,549.89
190.1074275,0.32,550.33
190.2062865,0.3355,550.67
190.306462,0.2295,551.1
190.40732425,0.106,551.8
190.50652025,0.2445,552.16
190.60936325,0.1665,552.57
190.70856925,0.3555,552.74
190.807469,0.2015,552.82
190.908342,0.0835,552.92
191.00722625,0.2755,553.09
191.10642375,0.1175,553.2
191.2071665,0.31,553.26
191.308402,0.283,553.34
191.4071515,0.092,553.43
191.50624425,0.271,553.49
191.608342,0.072,553.67
191.7062665,0.136,554
191.80817925,0.163,554.41
191.90624125,0.3705,554.82
192.00722375,0.137,555.17
192.1064035,0.187,555.41
192.2081275,0.3255,555.59
192.3060675,0.15,555.76
192.40618875,0.099,555.99
192.507224,0.251,556.38
192.606149,0.3635,556.93
192.70739675,0.3185,557.43
192.807165,0.2595,557.79
192.9061885,0.287,558.05
193.0070675,0.097,558.12
193.1072505,0.0855,558.17
193.207209,0.0855,558.48
193.31023025,0.176,558.85
193.4103195,0.1145,559.33
193.50751275,0.207,559.76
193.61012625,0.1605,560.37
193.70900325,0.1955,560.88
193.80620225,0.1545,561.17
193.90898925,0.2855,561.35
194.01026225,0.2815,561.76
194.1090065,0.1925,562.08
194.20699025,0.09,562.45
194.30819275,0.1795,562.73
194.4070675,0.2075,563
194.507918,0.241,563.29
194.608238,0.105,563.66
194.70800025,0.247,564.06
194.808132,0.16,564.54
194.90806625,0.0915,564.75
195.01000325,0.0975,565.01
195.10704225,0.3545,565.13
195.2078505,0.0955,565.28
195.3069475,0.1505,565.52
195.4089675,0.1285,565.78
195.50719275,0.1575,566.03
195.607824,0.2455,566.27
195.707909,0.3395,566.47
195.8079675,0.1275,566.65
195.90794225,0.089,566.88
196.0068875,0.1045,567.13
196.1069035,0.1455,567.5
196.2088475,0.133,568.04
196.30792025,0.3305,568.69
196.40807075,0.1115,569.34
196.50895925,0.1815,569.6
196.61003025,0.1975,569.6
196.710918,0.2115,569.66
196.8099595,0.2905,569.79
196.90769025,0.336,570.12
197.00683175,0.288,570.61
197.1100915,0.0945,571.06
197.2066085,0.1605,571.46
197.306738,0.3175,571.91
197.41022375,0.3245,572.54
197.50672025,0.125,572.99
197.60972375,0.0765,573.23
197.70788375,0.109,573.28
197.80779025,0.355,573.4
197.908658,0.099,573.64
198.006882,0.1375,574.21
198.10976475,0.3665,574.63
198.208742,0.3145,575.02
198.30882,0.2435,575.34
198.40662475,0.128,575.72
198.50864625,0.1395,575.94
198.60668025,0.2885,576.12
198.7065275,0.1905,576.14
198.80856425,0.096,576.25
198.90866375,0.107,576.49
199.00757075,0.135,576.73
199.10787175,0.3295,576.86
199.20752175,0.118,577
199.30651275,0.2705,577.21
199.40864,0.179,577.48
199.50754475,0.144,577.75
199.6056915,0.095,578.02
199.706685,0.1545,578.32
199.80940225,0.34,578.67
199.90666225,0.1,579.02
200.00666875,0.3135,579.36
200.10660875,0.1965,579.69
200.206478,0.1195,579.98
200.307589,0.0885,580.2
200.407582,0.3075,580.39
200.506552,0.3245,580.56
200.606602,0.1715,580.78
200.706598,0.2395,581.06
200.8117265,0.2885,581.35
200.90870425,0.105,581.75
201.009445,0.243,582.1
201.10940325,0.198,582.36
201.20842225,0.1265,582.8
201.308558,0.2165,583.28
201.40930625,0.2445,583.76
201.50748475,0.1275,584.24
201.608298,0.128,584.76
201.70948625,0.2855,585.23
201.80740625,0.225,585.73
201.909265,0.1785,586.12
202.0074675,0.111,586.42
202.10825075,0.1735,586.83
202.20832475,0.188,587.23
202.3085,0.225,587.45
202.408389,0.15,587.9
202.508336,0.2875,588.22
202.61039275,0.123,588.66
202.7074315,0.178,588.92
202.807258,0.214,589.27
202.90950025,0.1485,589.55
203.0094085,0.215,589.78
203.10814225,0.2865,589.98
203.20944525,0.199,590.16
203.308222,0.1505,590.34
203.40910225,0.129,590.56
203.508229,0.1095,590.83
203.607309,0.2025,591.14
203.7093675,0.249,591.45
203.8072635,0.181,591.8
203.9091515,0.235,592.17
204.00726025,0.195,592.6
204.1092075,0.1695,593.1
204.20704725,0.1535,593.54
204.30916425,0.206,593.92
204.4090475,0.242,594.09
204.5081075,0.2705,594.15
204.6070685,0.1185,594.33
204.708552,0.1745,594.69
204.8105325,0.1895,595.3
204.90831275,0.1865,595.9
205.00802425,0.2025,596.37
205.107978,0.167,596.62
205.207065,0.1575,596.83
205.310238,0.1765,597.2
205.41020475,0.1585,597.61
205.509289,0.1375,598.29
205.6069875,0.1245,598.54
205.70822025,0.177,599.08
205.80816025,0.1815,599.51
205.91040875,0.1315,599.91
206.0101875,0.2055,600.34
206.10704625,0.1475,600.65
206.2088475,0.156,600.78
206.3069,0.1715,600.85
206.40798225,0.1795,600.9
206.50806425,0.1865,600.96
206.6102035,0.1505,601.05
206.707042,0.1665,601.17
206.8100275,0.138,601.33
206.908009,0.207,601.52
207.007858,0.1415,601.86
207.10800425,0.183,602.23
207.21002925,0.171,602.54
207.308,0.189,602.85
207.408858,0.195,603.16
207.51012375,0.17,603.45
207.60680625,0.161,603.68
207.70702925,0.183,603.9
207.80870225,0.155,604.15
207.90900375,0.1565,604.45
208.00999175,0.1965,604.8
208.11000225,0.1685,605.2
208.210032,0.1845,605.56
208.30970225,0.1835,606.03
208.41014375,0.165,606.44
208.510158,0.188,606.82
208.60782925,0.126,607.22
208.70775025,0.161,607.48
208.8099285,0.1725,608
208.909698,0.153,608.55
209.0089715,0.165,609.15
209.10966825,0.178,609.81
209.2099895,0.154,610.49
209.30958625,0.1585,610.81
209.40684425,0.168,611.18
209.5088715,0.152,611.37
209.60967875,0.1385,611.58
209.70988975,0.1565,611.77
209.8100035,0.1665,611.97
209.91098875,0.166,612.15
210.00780225,0.1595,612.3
210.1086065,0.163,612.49
210.20972025,0.162,612.71
210.3096085,0.166,612.87
210.41081275,0.127,612.98
210.50950225,0.1525,613.04
210.60860475,0.164,613.15
210.70757675,0.174,613.32
210.8086075,0.1635,613.54
210.9075315,0.1685,613.76
211.00846,0.1465,613.98
211.10974875,0.1375,614.19
211.20961025,0.169,614.45
211.30955675,0.165,614.77
211.4095675,0.17,615.19
211.50864025,0.1455,615.57
211.608565,0.179,615.84
211.7075915,0.1525,616.02
211.81066225,0.1635,616.3
211.90750025,0.17,616.72
212.00834625,0.1515,617.11
212.1075035,0.16,617.47
212.20958375,0.156,617.83
212.307325,0.171,617.87
212.409718,0.1615,618.02
212.5084675,0.156,618.38
212.60955275,0.155,618.91
212.70848225,0.168,619.45
212.81068225,0.1425,620.18
212.908465,0.1645,620.62
213.0105885,0.172,621.44
213.10758475,0.1555,621.85
213.210482,0.1555,622.37
213.307385,0.1585,622.79
213.40952225,0.158,623.14
213.50749275,0.1675,623.48
213.6094485,0.1675,623.66
213.70850025,0.152,623.84
213.80750925,0.152,624.08
213.90842225,0.153,624.3
214.00849025,0.163,624.53
214.10853275,0.157,624.8
214.2092915,0.1555,625.06
214.3071675,0.1485,625.33
214.4093275,0.1785,625.76
214.50736375,0.1565,626.25
214.6081075,0.134,626.74
214.70744025,0.152,627.11
214.80940225,0.161,627.46
214.907309,0.1505,627.83
215.00832025,0.1575,628.43
215.1074275,0.143,629.27
215.2082315,0.1555,629.92
215.31040025,0.1365,630.04
215.409343,0.1685,630.34
215.5071515,0.167,631.37
215.60914325,0.1595,631.96
215.71102425,0.1835,632.88
215.809158,0.161,633.91
215.910376,0.154,634.6
216.0093485,0.1265,635.44
216.10820625,0.1355,636.1
216.208118,0.1735,636.54
216.31119025,0.151,636.72
216.4091475,0.163,636.8
216.50910225,0.158,636.83
216.60928125,0.1615,637.01
216.7091065,0.1695,637.23
216.80834225,0.159,637.65
216.9101275,0.1595,637.83
217.01034425,0.1545,637.83
217.110292,0.1785,637.83
217.21006625,0.153,637.83
217.31033025,0.1695,637.83
217.4090105,0.162,637.83
217.50916025,0.14,637.83
217.610152,0.1655,637.83
217.7092635,0.1435,637.83
217.80912675,0.16,637.83
